-- CUSTOMER


insert into CUSTOMER (cust_id, name, phone, email) values (1, 'Tove', 7666154196, 'tbacup0@imdb.com');
insert into CUSTOMER (cust_id, name, phone, email) values (2, 'Nari', 1780195225, 'nstpaul1@goodreads.com');
insert into CUSTOMER (cust_id, name, phone, email) values (3, 'Gilligan', 8864067619, 'gvaz2@skype.com');
insert into CUSTOMER (cust_id, name, phone, email) values (4, 'Anatola', 1600783466, 'aagutter3@etsy.com');
insert into CUSTOMER (cust_id, name, phone, email) values (5, 'Philis', 5573609280, 'pfranzetti4@blog.com');
insert into CUSTOMER (cust_id, name, phone, email) values (6, 'Gabriel', 6577832517, 'gradbourn5@addthis.com');
insert into CUSTOMER (cust_id, name, phone, email) values (7, 'Madelle', 4982854791, 'mdeppe6@parallels.com');
insert into CUSTOMER (cust_id, name, phone, email) values (8, 'Barbi', 4603941230, 'btoffolo7@yellowbook.com');
insert into CUSTOMER (cust_id, name, phone, email) values (9, 'Kaylil', 2714878583, 'kritmeyer8@tumblr.com');
insert into CUSTOMER (cust_id, name, phone, email) values (10, 'Camila', 1926052010, 'cfilinkov9@issuu.com');
insert into CUSTOMER (cust_id, name, phone, email) values (11, 'Reeva', 7864244765, 'randreuzzia@example.com');
insert into CUSTOMER (cust_id, name, phone, email) values (12, 'Elianore', 7027514437, 'eeadingtonb@mail.ru');
insert into CUSTOMER (cust_id, name, phone, email) values (13, 'Dorelia', 8404001565, 'divakinc@dmoz.org');
insert into CUSTOMER (cust_id, name, phone, email) values (14, 'Teresa', 4332019299, 'tblankettd@bing.com');
insert into CUSTOMER (cust_id, name, phone, email) values (15, 'Devi', 7005377433, 'dferencee@artisteer.com');
insert into CUSTOMER (cust_id, name, phone, email) values (16, 'Neala', 6165597939, 'ncaldeyrouxf@xrea.com');
insert into CUSTOMER (cust_id, name, phone, email) values (17, 'Janetta', 3019924302, 'jmalletrattg@java.com');
insert into CUSTOMER (cust_id, name, phone, email) values (18, 'Mariquilla', 8946695917, 'mdysharth@yellowpages.com');
insert into CUSTOMER (cust_id, name, phone, email) values (19, 'Lucinda', 4922910124, 'lkermiti@quantcast.com');
insert into CUSTOMER (cust_id, name, phone, email) values (20, 'Gnni', 1683727909, 'grabbagej@dion.ne.jp');
insert into CUSTOMER (cust_id, name, phone, email) values (21, 'Anallese', 2624163958, 'agirogettik@mayoclinic.com');
insert into CUSTOMER (cust_id, name, phone, email) values (22, 'Claudie', 9416461756, 'cboichl@newsvine.com');
insert into CUSTOMER (cust_id, name, phone, email) values (23, 'Caprice', 7038479115, 'ccurtissm@bloomberg.com');
insert into CUSTOMER (cust_id, name, phone, email) values (24, 'Jodee', 3917601628, 'jivanyushkinn@imdb.com');
insert into CUSTOMER (cust_id, name, phone, email) values (25, 'Stephannie', 7684694134, 'saujeano@is.gd');
insert into CUSTOMER (cust_id, name, phone, email) values (26, 'Minetta', 6793289941, 'mcossonsp@w3.org');
insert into CUSTOMER (cust_id, name, phone, email) values (27, 'Jessika', 7862155230, 'jdinegesq@hc360.com');
insert into CUSTOMER (cust_id, name, phone, email) values (28, 'Kathe', 7595758062, 'kgainsefordr@cdbaby.com');
insert into CUSTOMER (cust_id, name, phone, email) values (29, 'Teresita', 2640134583, 'tdickmans@archive.org');
insert into CUSTOMER (cust_id, name, phone, email) values (30, 'Audy', 8949511893, 'akemmet@wix.com');
insert into CUSTOMER (cust_id, name, phone, email) values (31, 'Reyna', 1270824269, 'rmayallu@freewebs.com');
insert into CUSTOMER (cust_id, name, phone, email) values (32, 'Tildi', 1329582599, 'tlilev@hc360.com');
insert into CUSTOMER (cust_id, name, phone, email) values (33, 'Gennie', 6840714330, 'ggascoinew@amazon.com');
insert into CUSTOMER (cust_id, name, phone, email) values (34, 'Modestine', 5158113967, 'mbrobakx@constantcontact.com');
insert into CUSTOMER (cust_id, name, phone, email) values (35, 'Sybille', 4574047259, 'ssappsony@yellowpages.com');
insert into CUSTOMER (cust_id, name, phone, email) values (36, 'Melisenda', 3250876254, 'mleviz@smh.com.au');
insert into CUSTOMER (cust_id, name, phone, email) values (37, 'Merrie', 5584280809, 'mwilby10@usda.gov');
insert into CUSTOMER (cust_id, name, phone, email) values (38, 'Jasmina', 8423664993, 'jgrimditch11@japanpost.jp');
insert into CUSTOMER (cust_id, name, phone, email) values (39, 'Babbette', 4316686082, 'bfripp12@bloomberg.com');
insert into CUSTOMER (cust_id, name, phone, email) values (40, 'Luisa', 6968402227, 'lasker13@yolasite.com');
insert into CUSTOMER (cust_id, name, phone, email) values (41, 'Ingeberg', 5429109655, 'ihillett14@cam.ac.uk');
insert into CUSTOMER (cust_id, name, phone, email) values (42, 'Beitris', 9055335845, 'bkondrachenko15@phpbb.com');
insert into CUSTOMER (cust_id, name, phone, email) values (43, 'Sherie', 1628759362, 'stomczynski16@cpanel.net');
insert into CUSTOMER (cust_id, name, phone, email) values (44, 'Tim', 1412909710, 'ttrood17@mtv.com');
insert into CUSTOMER (cust_id, name, phone, email) values (45, 'Nessa', 8901829614, 'ncasali18@pinterest.com');
insert into CUSTOMER (cust_id, name, phone, email) values (46, 'Margareta', 6969849357, 'mrany19@moonfruit.com');
insert into CUSTOMER (cust_id, name, phone, email) values (47, 'Hailee', 7270631600, 'hrainsdon1a@soup.io');
insert into CUSTOMER (cust_id, name, phone, email) values (48, 'Abagael', 6094972482, 'aedlyne1b@123-reg.co.uk');
insert into CUSTOMER (cust_id, name, phone, email) values (49, 'Amelia', 2233200404, 'acock1c@w3.org');
insert into CUSTOMER (cust_id, name, phone, email) values (50, 'Rodie', 4997683579, 'rmerigot1d@stumbleupon.com');
insert into CUSTOMER (cust_id, name, phone, email) values (51, 'Bess', 4605514901, 'bmaguire1e@intel.com');
insert into CUSTOMER (cust_id, name, phone, email) values (52, 'Winona', 3184382363, 'wmacgoun1f@g.co');
insert into CUSTOMER (cust_id, name, phone, email) values (53, 'Kyla', 2154635367, 'kpanketh1g@apple.com');
insert into CUSTOMER (cust_id, name, phone, email) values (54, 'Isahella', 8846810605, 'iwoodford1h@oaic.gov.au');
insert into CUSTOMER (cust_id, name, phone, email) values (55, 'Ilka', 8367942456, 'ibettenson1i@lycos.com');
insert into CUSTOMER (cust_id, name, phone, email) values (56, 'Mariquilla', 6419552490, 'mlettice1j@mashable.com');
insert into CUSTOMER (cust_id, name, phone, email) values (57, 'Kare', 1202115294, 'kveivers1k@hatena.ne.jp');
insert into CUSTOMER (cust_id, name, phone, email) values (58, 'Row', 2703309469, 'rlutton1l@businesswire.com');
insert into CUSTOMER (cust_id, name, phone, email) values (59, 'Olimpia', 2212365342, 'oakitt1m@wix.com');
insert into CUSTOMER (cust_id, name, phone, email) values (60, 'Bryana', 9000344174, 'bblacksell1n@artisteer.com');
insert into CUSTOMER (cust_id, name, phone, email) values (61, 'Margette', 8539319588, 'mvivash1o@com.com');
insert into CUSTOMER (cust_id, name, phone, email) values (62, 'Katharine', 3693071230, 'kdoel1p@nbcnews.com');
insert into CUSTOMER (cust_id, name, phone, email) values (63, 'Vally', 8338041365, 'vwile1q@biblegateway.com');
insert into CUSTOMER (cust_id, name, phone, email) values (64, 'Sheree', 7139448489, 'sdaintrey1r@wsj.com');
insert into CUSTOMER (cust_id, name, phone, email) values (65, 'Appolonia', 2769702583, 'aorpwood1s@smh.com.au');
insert into CUSTOMER (cust_id, name, phone, email) values (66, 'Vida', 1796187320, 'vmarie1t@geocities.jp');
insert into CUSTOMER (cust_id, name, phone, email) values (67, 'Eloise', 8634963786, 'egerraty1u@drupal.org');
insert into CUSTOMER (cust_id, name, phone, email) values (68, 'Judye', 8207830564, 'jaitkin1v@unc.edu');
insert into CUSTOMER (cust_id, name, phone, email) values (69, 'Kirsten', 6512788280, 'kdonnan1w@dmoz.org');
insert into CUSTOMER (cust_id, name, phone, email) values (70, 'Sue', 8539006585, 'schampneys1x@washington.edu');
insert into CUSTOMER (cust_id, name, phone, email) values (71, 'Rosabella', 4764303848, 'rsmithson1y@wix.com');
insert into CUSTOMER (cust_id, name, phone, email) values (72, 'Phedra', 3622794120, 'pdeble1z@blogger.com');
insert into CUSTOMER (cust_id, name, phone, email) values (73, 'Vinita', 6039973758, 'valcido20@adobe.com');
insert into CUSTOMER (cust_id, name, phone, email) values (74, 'Janeta', 6583022981, 'jgillinghams21@blogspot.com');
insert into CUSTOMER (cust_id, name, phone, email) values (75, 'Filia', 3851906342, 'fyacobsohn22@wordpress.com');
insert into CUSTOMER (cust_id, name, phone, email) values (76, 'Lizbeth', 5438124860, 'lyoutead23@privacy.gov.au');
insert into CUSTOMER (cust_id, name, phone, email) values (77, 'Rea', 2001560657, 'rskechley24@dot.gov');
insert into CUSTOMER (cust_id, name, phone, email) values (78, 'Michaelina', 1004086944, 'mflode25@canalblog.com');
insert into CUSTOMER (cust_id, name, phone, email) values (79, 'Sammy', 6898369687, 'sferrea26@dailymail.co.uk');
insert into CUSTOMER (cust_id, name, phone, email) values (80, 'Andree', 1147973080, 'awadsworth27@moonfruit.com');
insert into CUSTOMER (cust_id, name, phone, email) values (81, 'Dahlia', 1862717277, 'dkunisch28@yolasite.com');
insert into CUSTOMER (cust_id, name, phone, email) values (82, 'Mehetabel', 3676674693, 'mgillingwater29@paypal.com');
insert into CUSTOMER (cust_id, name, phone, email) values (83, 'Anjela', 2113964966, 'acluet2a@japanpost.jp');
insert into CUSTOMER (cust_id, name, phone, email) values (84, 'Ilyssa', 9294328673, 'izanussii2b@va.gov');
insert into CUSTOMER (cust_id, name, phone, email) values (85, 'Bamby', 6795227310, 'bhugonin2c@telegraph.co.uk');
insert into CUSTOMER (cust_id, name, phone, email) values (86, 'Daniele', 3913940158, 'dcrux2d@tiny.cc');
insert into CUSTOMER (cust_id, name, phone, email) values (87, 'Georgine', 5638562937, 'gmolden2e@phoca.cz');
insert into CUSTOMER (cust_id, name, phone, email) values (88, 'Lisbeth', 3161537053, 'lhaigh2f@ameblo.jp');
insert into CUSTOMER (cust_id, name, phone, email) values (89, 'Vilhelmina', 1219395770, 'vdimitresco2g@gravatar.com');
insert into CUSTOMER (cust_id, name, phone, email) values (90, 'Gerrie', 1752102184, 'gbuckie2h@mediafire.com');
insert into CUSTOMER (cust_id, name, phone, email) values (91, 'Oliy', 7903327791, 'oormiston2i@huffingtonpost.com');
insert into CUSTOMER (cust_id, name, phone, email) values (92, 'Laryssa', 2575622187, 'lyallowley2j@prnewswire.com');
insert into CUSTOMER (cust_id, name, phone, email) values (93, 'Wilow', 4135518327, 'whardson2k@goodreads.com');
insert into CUSTOMER (cust_id, name, phone, email) values (94, 'Faustine', 1276022405, 'fvernazza2l@kickstarter.com');
insert into CUSTOMER (cust_id, name, phone, email) values (95, 'Petronella', 2845963563, 'pattenborrow2m@mlb.com');
insert into CUSTOMER (cust_id, name, phone, email) values (96, 'Dominique', 7189907947, 'dwoolfenden2n@delicious.com');
insert into CUSTOMER (cust_id, name, phone, email) values (97, 'Alissa', 8669903145, 'acuckoo2o@newyorker.com');
insert into CUSTOMER (cust_id, name, phone, email) values (98, 'Christi', 6738586835, 'cdearing2p@dot.gov');
insert into CUSTOMER (cust_id, name, phone, email) values (99, 'Meta', 2150403218, 'mbalogun2q@auda.org.au');
insert into CUSTOMER (cust_id, name, phone, email) values (100, 'Marsiella', 6105034947, 'mragdale2r@woothemes.com');




insert into STORE (store_id, address) values (1, '98646 Milwaukee Plaza');
insert into STORE (store_id, address) values (2, '05359 Vera Drive');
insert into STORE (store_id, address) values (3, '61372 Oneill Street');
insert into STORE (store_id, address) values (4, '486 Algoma Crossing');
insert into STORE (store_id, address) values (5, '6486 Oakridge Center');
insert into STORE (store_id, address) values (6, '94957 Talmadge Street');
insert into STORE (store_id, address) values (7, '22 Cordelia Center');
insert into STORE (store_id, address) values (8, '6 Aberg Street');
insert into STORE (store_id, address) values (9, '61 Lien Junction');
insert into STORE (store_id, address) values (10, '651 Lake View Junction');
insert into STORE (store_id, address) values (11, '164 Dapin Pass');
insert into STORE (store_id, address) values (12, '33393 Anthes Place');
insert into STORE (store_id, address) values (13, '90 Namekagon Hill');
insert into STORE (store_id, address) values (14, '3 Dixon Pass');
insert into STORE (store_id, address) values (15, '468 Blue Bill Park Court');
insert into STORE (store_id, address) values (16, '88 Fuller Plaza');
insert into STORE (store_id, address) values (17, '39193 Mosinee Plaza');
insert into STORE (store_id, address) values (18, '4 Cherokee Way');
insert into STORE (store_id, address) values (19, '6051 Talmadge Street');
insert into STORE (store_id, address) values (20, '7673 Corry Street');
insert into STORE (store_id, address) values (21, '7 Waubesa Park');
insert into STORE (store_id, address) values (22, '6194 Hovde Avenue');
insert into STORE (store_id, address) values (23, '599 Bay Place');
insert into STORE (store_id, address) values (24, '3108 Alpine Trail');
insert into STORE (store_id, address) values (25, '96 Pierstorff Center');
insert into STORE (store_id, address) values (26, '6878 Stephen Plaza');
insert into STORE (store_id, address) values (27, '6 Walton Pass');
insert into STORE (store_id, address) values (28, '42 Forest Junction');
insert into STORE (store_id, address) values (29, '7599 Burrows Parkway');
insert into STORE (store_id, address) values (30, '701 Park Meadow Junction');
insert into STORE (store_id, address) values (31, '21 Green Ridge Drive');
insert into STORE (store_id, address) values (32, '57044 Clemons Plaza');
insert into STORE (store_id, address) values (33, '4 Vahlen Hill');
insert into STORE (store_id, address) values (34, '21395 Dakota Plaza');
insert into STORE (store_id, address) values (35, '22802 Kensington Street');
insert into STORE (store_id, address) values (36, '51 Division Drive');
insert into STORE (store_id, address) values (37, '43126 Victoria Park');
insert into STORE (store_id, address) values (38, '107 North Center');
insert into STORE (store_id, address) values (39, '36458 Hermina Road');
insert into STORE (store_id, address) values (40, '2 Clemons Court');
insert into STORE (store_id, address) values (41, '2 Dunning Plaza');
insert into STORE (store_id, address) values (42, '114 Gale Parkway');
insert into STORE (store_id, address) values (43, '9 Merchant Place');
insert into STORE (store_id, address) values (44, '13226 Pankratz Pass');
insert into STORE (store_id, address) values (45, '13941 Northview Hill');
insert into STORE (store_id, address) values (46, '60472 Fieldstone Lane');
insert into STORE (store_id, address) values (47, '695 Donald Junction');
insert into STORE (store_id, address) values (48, '75804 Harper Court');
insert into STORE (store_id, address) values (49, '648 Victoria Crossing');
insert into STORE (store_id, address) values (50, '393 Parkside Court');
insert into STORE (store_id, address) values (51, '6 Almo Way');
insert into STORE (store_id, address) values (52, '60470 Helena Place');
insert into STORE (store_id, address) values (53, '943 Mandrake Road');
insert into STORE (store_id, address) values (54, '850 Garrison Center');
insert into STORE (store_id, address) values (55, '46498 Eastwood Road');
insert into STORE (store_id, address) values (56, '8982 Upham Crossing');
insert into STORE (store_id, address) values (57, '175 Farwell Street');
insert into STORE (store_id, address) values (58, '2 Linden Parkway');
insert into STORE (store_id, address) values (59, '5 Express Plaza');
insert into STORE (store_id, address) values (60, '74039 Magdeline Parkway');
insert into STORE (store_id, address) values (61, '8803 Derek Crossing');
insert into STORE (store_id, address) values (62, '091 Oakridge Way');
insert into STORE (store_id, address) values (63, '5436 Buell Place');
insert into STORE (store_id, address) values (64, '962 Troy Way');
insert into STORE (store_id, address) values (65, '79 Northridge Trail');
insert into STORE (store_id, address) values (66, '596 Esker Drive');
insert into STORE (store_id, address) values (67, '3777 Lakeland Plaza');
insert into STORE (store_id, address) values (68, '7 Stuart Place');
insert into STORE (store_id, address) values (69, '2 Marquette Crossing');
insert into STORE (store_id, address) values (70, '0 Helena Court');
insert into STORE (store_id, address) values (71, '690 Oneill Park');
insert into STORE (store_id, address) values (72, '04042 Larry Pass');
insert into STORE (store_id, address) values (73, '5414 Harbort Center');
insert into STORE (store_id, address) values (74, '8495 Boyd Avenue');
insert into STORE (store_id, address) values (75, '26 Gina Hill');
insert into STORE (store_id, address) values (76, '541 Pond Court');
insert into STORE (store_id, address) values (77, '4728 Clemons Center');
insert into STORE (store_id, address) values (78, '85 Kenwood Parkway');
insert into STORE (store_id, address) values (79, '71450 Elgar Court');
insert into STORE (store_id, address) values (80, '9 Rowland Trail');
insert into STORE (store_id, address) values (81, '89687 Jay Junction');
insert into STORE (store_id, address) values (82, '559 Artisan Plaza');
insert into STORE (store_id, address) values (83, '5 Del Mar Court');
insert into STORE (store_id, address) values (84, '935 8th Pass');
insert into STORE (store_id, address) values (85, '68063 Helena Circle');
insert into STORE (store_id, address) values (86, '39 Maple Wood Pass');
insert into STORE (store_id, address) values (87, '3000 Carpenter Street');
insert into STORE (store_id, address) values (88, '2153 Hudson Place');
insert into STORE (store_id, address) values (89, '2410 Pearson Terrace');
insert into STORE (store_id, address) values (90, '12754 Beilfuss Terrace');
insert into STORE (store_id, address) values (91, '54041 Warrior Trail');
insert into STORE (store_id, address) values (92, '80 Debs Court');
insert into STORE (store_id, address) values (93, '36 Vahlen Court');
insert into STORE (store_id, address) values (94, '749 North Parkway');
insert into STORE (store_id, address) values (95, '38 Prairieview Pass');
insert into STORE (store_id, address) values (96, '55 Del Sol Pass');
insert into STORE (store_id, address) values (97, '47 Colorado Park');
insert into STORE (store_id, address) values (98, '1 Cambridge Trail');
insert into STORE (store_id, address) values (99, '15924 Doe Crossing Street');
insert into STORE (store_id, address) values (100, '6975 Schurz Street');




insert into CHECKOUT (checkout_id, cust_id, date, total_cost, tax, store_id) values (1, 1, '2021-01-21', 550, 7, 1);
insert into CHECKOUT (checkout_id, cust_id, date, total_cost, tax, store_id) values (2, 2, '2021-09-17', 73, 15, 2);
insert into CHECKOUT (checkout_id, cust_id, date, total_cost, tax, store_id) values (3, 3, '2021-10-02', 376, 1, 3);
insert into CHECKOUT (checkout_id, cust_id, date, total_cost, tax, store_id) values (4, 4, '2021-04-03', 96, 6, 4);
insert into CHECKOUT (checkout_id, cust_id, date, total_cost, tax, store_id) values (5, 5, '2021-02-16', 338, 9, 5);
insert into CHECKOUT (checkout_id, cust_id, date, total_cost, tax, store_id) values (6, 6, '2021-05-19', 242, 2, 6);
insert into CHECKOUT (checkout_id, cust_id, date, total_cost, tax, store_id) values (7, 7, '2021-10-04', 546, 11, 7);
insert into CHECKOUT (checkout_id, cust_id, date, total_cost, tax, store_id) values (8, 8, '2021-04-16', 986, 14, 8);
insert into CHECKOUT (checkout_id, cust_id, date, total_cost, tax, store_id) values (9, 9, '2021-06-06', 949, 14, 9);
insert into CHECKOUT (checkout_id, cust_id, date, total_cost, tax, store_id) values (10, 10, '2021-08-05', 441, 3, 10);
insert into CHECKOUT (checkout_id, cust_id, date, total_cost, tax, store_id) values (11, 11, '2021-10-09', 258, 10, 11);
insert into CHECKOUT (checkout_id, cust_id, date, total_cost, tax, store_id) values (12, 12, '2021-06-01', 690, 14, 12);
insert into CHECKOUT (checkout_id, cust_id, date, total_cost, tax, store_id) values (13, 13, '2021-09-22', 645, 7, 13);
insert into CHECKOUT (checkout_id, cust_id, date, total_cost, tax, store_id) values (14, 14, '2021-08-28', 772, 8, 14);
insert into CHECKOUT (checkout_id, cust_id, date, total_cost, tax, store_id) values (15, 15, '2021-06-24', 394, 18, 15);
insert into CHECKOUT (checkout_id, cust_id, date, total_cost, tax, store_id) values (16, 16, '2021-02-12', 226, 8, 16);
insert into CHECKOUT (checkout_id, cust_id, date, total_cost, tax, store_id) values (17, 17, '2021-06-13', 697, 15, 17);
insert into CHECKOUT (checkout_id, cust_id, date, total_cost, tax, store_id) values (18, 18, '2021-07-09', 147, 2, 18);
insert into CHECKOUT (checkout_id, cust_id, date, total_cost, tax, store_id) values (19, 19, '2020-12-09', 727, 17, 19);
insert into CHECKOUT (checkout_id, cust_id, date, total_cost, tax, store_id) values (20, 20, '2021-05-02', 656, 19, 20);
insert into CHECKOUT (checkout_id, cust_id, date, total_cost, tax, store_id) values (21, 21, '2021-07-27', 834, 14, 21);
insert into CHECKOUT (checkout_id, cust_id, date, total_cost, tax, store_id) values (22, 22, '2021-01-18', 203, 12, 22);
insert into CHECKOUT (checkout_id, cust_id, date, total_cost, tax, store_id) values (23, 23, '2021-07-04', 784, 12, 23);
insert into CHECKOUT (checkout_id, cust_id, date, total_cost, tax, store_id) values (24, 24, '2020-11-14', 138, 10, 24);
insert into CHECKOUT (checkout_id, cust_id, date, total_cost, tax, store_id) values (25, 25, '2021-05-05', 107, 15, 25);
insert into CHECKOUT (checkout_id, cust_id, date, total_cost, tax, store_id) values (26, 26, '2020-10-27', 641, 7, 26);
insert into CHECKOUT (checkout_id, cust_id, date, total_cost, tax, store_id) values (27, 27, '2021-09-13', 566, 4, 27);
insert into CHECKOUT (checkout_id, cust_id, date, total_cost, tax, store_id) values (28, 28, '2020-10-31', 932, 1, 28);
insert into CHECKOUT (checkout_id, cust_id, date, total_cost, tax, store_id) values (29, 29, '2021-08-21', 106, 4, 29);
insert into CHECKOUT (checkout_id, cust_id, date, total_cost, tax, store_id) values (30, 30, '2021-09-17', 137, 4, 30);
insert into CHECKOUT (checkout_id, cust_id, date, total_cost, tax, store_id) values (31, 31, '2021-01-03', 98, 17, 31);
insert into CHECKOUT (checkout_id, cust_id, date, total_cost, tax, store_id) values (32, 32, '2021-05-11', 533, 14, 32);
insert into CHECKOUT (checkout_id, cust_id, date, total_cost, tax, store_id) values (33, 33, '2021-09-19', 156, 20, 33);
insert into CHECKOUT (checkout_id, cust_id, date, total_cost, tax, store_id) values (34, 34, '2020-12-10', 860, 12, 34);
insert into CHECKOUT (checkout_id, cust_id, date, total_cost, tax, store_id) values (35, 35, '2021-01-02', 421, 10, 35);
insert into CHECKOUT (checkout_id, cust_id, date, total_cost, tax, store_id) values (36, 36, '2020-10-15', 120, 13, 36);
insert into CHECKOUT (checkout_id, cust_id, date, total_cost, tax, store_id) values (37, 37, '2020-12-19', 603, 13, 37);
insert into CHECKOUT (checkout_id, cust_id, date, total_cost, tax, store_id) values (38, 38, '2021-04-13', 235, 13, 38);
insert into CHECKOUT (checkout_id, cust_id, date, total_cost, tax, store_id) values (39, 39, '2021-04-07', 682, 7, 39);
insert into CHECKOUT (checkout_id, cust_id, date, total_cost, tax, store_id) values (40, 40, '2020-10-14', 67, 18, 40);
insert into CHECKOUT (checkout_id, cust_id, date, total_cost, tax, store_id) values (41, 41, '2021-07-05', 862, 15, 41);
insert into CHECKOUT (checkout_id, cust_id, date, total_cost, tax, store_id) values (42, 42, '2021-08-06', 29, 1, 42);
insert into CHECKOUT (checkout_id, cust_id, date, total_cost, tax, store_id) values (43, 43, '2021-08-14', 918, 13, 43);
insert into CHECKOUT (checkout_id, cust_id, date, total_cost, tax, store_id) values (44, 44, '2021-07-25', 264, 4, 44);
insert into CHECKOUT (checkout_id, cust_id, date, total_cost, tax, store_id) values (45, 45, '2021-04-15', 584, 7, 45);
insert into CHECKOUT (checkout_id, cust_id, date, total_cost, tax, store_id) values (46, 46, '2021-10-06', 260, 15, 46);
insert into CHECKOUT (checkout_id, cust_id, date, total_cost, tax, store_id) values (47, 47, '2021-02-09', 148, 7, 47);
insert into CHECKOUT (checkout_id, cust_id, date, total_cost, tax, store_id) values (48, 48, '2021-09-30', 865, 15, 48);
insert into CHECKOUT (checkout_id, cust_id, date, total_cost, tax, store_id) values (49, 49, '2021-03-20', 760, 16, 49);
insert into CHECKOUT (checkout_id, cust_id, date, total_cost, tax, store_id) values (50, 50, '2020-12-13', 652, 6, 50);
insert into CHECKOUT (checkout_id, cust_id, date, total_cost, tax, store_id) values (51, 51, '2021-08-30', 814, 11, 51);
insert into CHECKOUT (checkout_id, cust_id, date, total_cost, tax, store_id) values (52, 52, '2021-05-21', 602, 5, 52);
insert into CHECKOUT (checkout_id, cust_id, date, total_cost, tax, store_id) values (53, 53, '2021-04-08', 81, 16, 53);
insert into CHECKOUT (checkout_id, cust_id, date, total_cost, tax, store_id) values (54, 54, '2021-04-05', 873, 16, 54);
insert into CHECKOUT (checkout_id, cust_id, date, total_cost, tax, store_id) values (55, 55, '2021-02-10', 776, 7, 55);
insert into CHECKOUT (checkout_id, cust_id, date, total_cost, tax, store_id) values (56, 56, '2021-01-08', 434, 4, 56);
insert into CHECKOUT (checkout_id, cust_id, date, total_cost, tax, store_id) values (57, 57, '2021-05-10', 30, 11, 57);
insert into CHECKOUT (checkout_id, cust_id, date, total_cost, tax, store_id) values (58, 58, '2021-08-12', 96, 14, 58);
insert into CHECKOUT (checkout_id, cust_id, date, total_cost, tax, store_id) values (59, 59, '2021-04-05', 840, 20, 59);
insert into CHECKOUT (checkout_id, cust_id, date, total_cost, tax, store_id) values (60, 60, '2021-02-18', 190, 18, 60);
insert into CHECKOUT (checkout_id, cust_id, date, total_cost, tax, store_id) values (61, 61, '2021-03-15', 959, 13, 61);
insert into CHECKOUT (checkout_id, cust_id, date, total_cost, tax, store_id) values (62, 62, '2021-01-31', 825, 1, 62);
insert into CHECKOUT (checkout_id, cust_id, date, total_cost, tax, store_id) values (63, 63, '2021-03-20', 670, 5, 63);
insert into CHECKOUT (checkout_id, cust_id, date, total_cost, tax, store_id) values (64, 64, '2020-10-20', 623, 10, 64);
insert into CHECKOUT (checkout_id, cust_id, date, total_cost, tax, store_id) values (65, 65, '2021-09-04', 607, 6, 65);
insert into CHECKOUT (checkout_id, cust_id, date, total_cost, tax, store_id) values (66, 66, '2021-03-24', 201, 3, 66);
insert into CHECKOUT (checkout_id, cust_id, date, total_cost, tax, store_id) values (67, 67, '2021-06-13', 341, 1, 67);
insert into CHECKOUT (checkout_id, cust_id, date, total_cost, tax, store_id) values (68, 68, '2021-09-16', 940, 8, 68);
insert into CHECKOUT (checkout_id, cust_id, date, total_cost, tax, store_id) values (69, 69, '2021-08-01', 383, 1, 69);
insert into CHECKOUT (checkout_id, cust_id, date, total_cost, tax, store_id) values (70, 70, '2021-05-04', 105, 18, 70);
insert into CHECKOUT (checkout_id, cust_id, date, total_cost, tax, store_id) values (71, 71, '2021-01-31', 811, 10, 71);
insert into CHECKOUT (checkout_id, cust_id, date, total_cost, tax, store_id) values (72, 72, '2021-05-06', 18, 7, 72);
insert into CHECKOUT (checkout_id, cust_id, date, total_cost, tax, store_id) values (73, 73, '2021-08-06', 976, 2, 73);
insert into CHECKOUT (checkout_id, cust_id, date, total_cost, tax, store_id) values (74, 74, '2021-07-02', 137, 13, 74);
insert into CHECKOUT (checkout_id, cust_id, date, total_cost, tax, store_id) values (75, 75, '2021-04-10', 292, 5, 75);
insert into CHECKOUT (checkout_id, cust_id, date, total_cost, tax, store_id) values (76, 76, '2021-03-11', 57, 6, 76);
insert into CHECKOUT (checkout_id, cust_id, date, total_cost, tax, store_id) values (77, 77, '2020-11-24', 773, 2, 77);
insert into CHECKOUT (checkout_id, cust_id, date, total_cost, tax, store_id) values (78, 78, '2021-08-13', 505, 8, 78);
insert into CHECKOUT (checkout_id, cust_id, date, total_cost, tax, store_id) values (79, 79, '2021-09-02', 359, 4, 79);
insert into CHECKOUT (checkout_id, cust_id, date, total_cost, tax, store_id) values (80, 80, '2021-09-26', 545, 6, 80);
insert into CHECKOUT (checkout_id, cust_id, date, total_cost, tax, store_id) values (81, 81, '2020-11-28', 10, 3, 81);
insert into CHECKOUT (checkout_id, cust_id, date, total_cost, tax, store_id) values (82, 82, '2021-02-12', 778, 7, 82);
insert into CHECKOUT (checkout_id, cust_id, date, total_cost, tax, store_id) values (83, 83, '2021-03-14', 42, 17, 83);
insert into CHECKOUT (checkout_id, cust_id, date, total_cost, tax, store_id) values (84, 84, '2020-12-25', 997, 19, 84);
insert into CHECKOUT (checkout_id, cust_id, date, total_cost, tax, store_id) values (85, 85, '2021-04-07', 241, 18, 85);
insert into CHECKOUT (checkout_id, cust_id, date, total_cost, tax, store_id) values (86, 86, '2020-11-09', 20, 18, 86);
insert into CHECKOUT (checkout_id, cust_id, date, total_cost, tax, store_id) values (87, 87, '2021-04-01', 292, 12, 87);
insert into CHECKOUT (checkout_id, cust_id, date, total_cost, tax, store_id) values (88, 88, '2021-07-25', 936, 15, 88);
insert into CHECKOUT (checkout_id, cust_id, date, total_cost, tax, store_id) values (89, 89, '2021-04-16', 605, 1, 89);
insert into CHECKOUT (checkout_id, cust_id, date, total_cost, tax, store_id) values (90, 90, '2021-02-18', 668, 9, 90);
insert into CHECKOUT (checkout_id, cust_id, date, total_cost, tax, store_id) values (91, 91, '2021-04-07', 95, 6, 91);
insert into CHECKOUT (checkout_id, cust_id, date, total_cost, tax, store_id) values (92, 92, '2021-02-27', 578, 19, 92);
insert into CHECKOUT (checkout_id, cust_id, date, total_cost, tax, store_id) values (93, 93, '2021-08-28', 25, 6, 93);
insert into CHECKOUT (checkout_id, cust_id, date, total_cost, tax, store_id) values (94, 94, '2021-09-24', 319, 12, 94);
insert into CHECKOUT (checkout_id, cust_id, date, total_cost, tax, store_id) values (95, 95, '2021-08-23', 894, 10, 95);
insert into CHECKOUT (checkout_id, cust_id, date, total_cost, tax, store_id) values (96, 96, '2021-04-19', 989, 16, 96);
insert into CHECKOUT (checkout_id, cust_id, date, total_cost, tax, store_id) values (97, 97, '2021-01-20', 105, 11, 97);
insert into CHECKOUT (checkout_id, cust_id, date, total_cost, tax, store_id) values (98, 98, '2021-07-27', 965, 1, 98);
insert into CHECKOUT (checkout_id, cust_id, date, total_cost, tax, store_id) values (99, 99, '2021-03-23', 154, 16, 99);
insert into CHECKOUT (checkout_id, cust_id, date, total_cost, tax, store_id) values (100, 100, '2021-02-09', 537, 8, 100);


insert into ITEMS (item_id, size, brand, description, taxable, price, weight, store_id, checkout_id) values (1, 6, 'Little, Miller and Kuphal', 'Morbi quis tortor id nulla ultrices aliquet.', false, 599, 75, 1, 1);
insert into ITEMS (item_id, size, brand, description, taxable, price, weight, store_id, checkout_id) values (2, 6, 'Nienow-Towne', 'Nam dui.', false, 314, 10, 2, 2);
insert into ITEMS (item_id, size, brand, description, taxable, price, weight, store_id, checkout_id) values (3, 10, 'Hermiston Inc', 'Praesent id massa id nisl venenatis lacinia.', true, 945, 8, 3, 3);
insert into ITEMS (item_id, size, brand, description, taxable, price, weight, store_id, checkout_id) values (4, 5, 'Leuschke, McCullough and DuBuque', 'Praesent blandit.', true, 412, 5, 4, 4);
insert into ITEMS (item_id, size, brand, description, taxable, price, weight, store_id, checkout_id) values (5, 2, 'Wisozk Inc', 'Pellentesque ultrices mattis odio.', true, 970, 78, 5, 5);
insert into ITEMS (item_id, size, brand, description, taxable, price, weight, store_id, checkout_id) values (6, 5, 'Abshire and Sons', 'Sed accumsan felis.', true, 679, 88, 6, 6);
insert into ITEMS (item_id, size, brand, description, taxable, price, weight, store_id, checkout_id) values (7, 7, 'Kerluke and Sons', 'Proin interdum mauris non ligula pellentesque ultrices.', false, 128, 51, 7, 7);
insert into ITEMS (item_id, size, brand, description, taxable, price, weight, store_id, checkout_id) values (8, 6, 'O''Conner, Reinger and Ziemann', 'Morbi odio odio, elementum eu, interdum eu, tincidunt in, leo.', true, 873, 21, 8, 8);
insert into ITEMS (item_id, size, brand, description, taxable, price, weight, store_id, checkout_id) values (9, 8, 'Witting-Gibson', 'In hac habitasse platea dictumst.', true, 966, 76, 9, 9);
insert into ITEMS (item_id, size, brand, description, taxable, price, weight, store_id, checkout_id) values (10, 6, 'Steuber, Crooks and Ondricka', 'Duis bibendum, felis sed interdum venenatis, turpis enim blandit mi, in porttitor pede justo eu massa.', false, 252, 85, 10, 10);
insert into ITEMS (item_id, size, brand, description, taxable, price, weight, store_id, checkout_id) values (11, 8, 'Haag Group', 'Mauris ullamcorper purus sit amet nulla.', true, 41, 52, 11, 11);
insert into ITEMS (item_id, size, brand, description, taxable, price, weight, store_id, checkout_id) values (12, 7, 'Reichert, Hessel and Murray', 'In tempor, turpis nec euismod scelerisque, quam turpis adipiscing lorem, vitae mattis nibh ligula nec sem.', false, 440, 51, 12, 12);
insert into ITEMS (item_id, size, brand, description, taxable, price, weight, store_id, checkout_id) values (13, 9, 'Grant, Daugherty and Boyer', 'Donec quis orci eget orci vehicula condimentum.', true, 128, 1, 13, 13);
insert into ITEMS (item_id, size, brand, description, taxable, price, weight, store_id, checkout_id) values (14, 8, 'Donnelly Group', 'Praesent blandit.', true, 553, 35, 14, 14);
insert into ITEMS (item_id, size, brand, description, taxable, price, weight, store_id, checkout_id) values (15, 2, 'Glover Inc', 'Phasellus id sapien in sapien iaculis congue.', false, 722, 55, 15, 15);
insert into ITEMS (item_id, size, brand, description, taxable, price, weight, store_id, checkout_id) values (16, 5, 'Homenick-Kemmer', 'Donec vitae nisi.', false, 803, 80, 16, 16);
insert into ITEMS (item_id, size, brand, description, taxable, price, weight, store_id, checkout_id) values (17, 9, 'Raynor, Walsh and Johnston', 'Nulla suscipit ligula in lacus.', false, 61, 5, 17, 17);
insert into ITEMS (item_id, size, brand, description, taxable, price, weight, store_id, checkout_id) values (18, 7, 'Kilback and Sons', 'Morbi odio odio, elementum eu, interdum eu, tincidunt in, leo.', true, 884, 81, 18, 18);
insert into ITEMS (item_id, size, brand, description, taxable, price, weight, store_id, checkout_id) values (19, 6, 'D''Amore, DuBuque and Runolfsdottir', 'Nam dui.', true, 939, 18, 19, 19);
insert into ITEMS (item_id, size, brand, description, taxable, price, weight, store_id, checkout_id) values (20, 9, 'Legros LLC', 'Morbi non lectus.', true, 433, 87, 20, 20);
insert into ITEMS (item_id, size, brand, description, taxable, price, weight, store_id, checkout_id) values (21, 9, 'Witting, Grimes and Bradtke', 'Vestibulum rutrum rutrum neque.', false, 897, 64, 21, 21);
insert into ITEMS (item_id, size, brand, description, taxable, price, weight, store_id, checkout_id) values (22, 3, 'Krajcik-Mosciski', 'Etiam vel augue.', true, 101, 33, 22, 22);
insert into ITEMS (item_id, size, brand, description, taxable, price, weight, store_id, checkout_id) values (23, 1, 'Rau-Hessel', 'Sed ante.', true, 570, 98, 23, 23);
insert into ITEMS (item_id, size, brand, description, taxable, price, weight, store_id, checkout_id) values (24, 1, 'Sipes LLC', 'Duis ac nibh.', true, 894, 40, 24, 24);
insert into ITEMS (item_id, size, brand, description, taxable, price, weight, store_id, checkout_id) values (25, 6, 'Anderson-Williamson', 'Nam congue, risus semper porta volutpat, quam pede lobortis ligula, sit amet eleifend pede libero quis orci.', true, 559, 33, 25, 25);
insert into ITEMS (item_id, size, brand, description, taxable, price, weight, store_id, checkout_id) values (26, 8, 'Krajcik-Howell', 'Suspendisse potenti.', true, 522, 91, 26, 26);
insert into ITEMS (item_id, size, brand, description, taxable, price, weight, store_id, checkout_id) values (27, 2, 'Moore-O''Hara', 'Etiam pretium iaculis justo.', false, 413, 26, 27, 27);
insert into ITEMS (item_id, size, brand, description, taxable, price, weight, store_id, checkout_id) values (28, 4, 'Maggio, Huels and Hoeger', 'Nunc rhoncus dui vel sem.', false, 762, 30, 28, 28);
insert into ITEMS (item_id, size, brand, description, taxable, price, weight, store_id, checkout_id) values (29, 4, 'Lueilwitz, Rippin and Hand', 'Donec quis orci eget orci vehicula condimentum.', true, 256, 93, 29, 29);
insert into ITEMS (item_id, size, brand, description, taxable, price, weight, store_id, checkout_id) values (30, 4, 'Carroll, Legros and Adams', 'Mauris sit amet eros.', false, 704, 90, 30, 30);
insert into ITEMS (item_id, size, brand, description, taxable, price, weight, store_id, checkout_id) values (31, 4, 'Gutkowski, Bradtke and Gerlach', 'Aliquam erat volutpat.', false, 136, 42, 31, 31);
insert into ITEMS (item_id, size, brand, description, taxable, price, weight, store_id, checkout_id) values (32, 9, 'O''Connell, Konopelski and Fritsch', 'Mauris sit amet eros.', false, 978, 34, 32, 32);
insert into ITEMS (item_id, size, brand, description, taxable, price, weight, store_id, checkout_id) values (33, 2, 'Anderson, Effertz and Pacocha', 'Integer aliquet, massa id lobortis convallis, tortor risus dapibus augue, vel accumsan tellus nisi eu orci.', true, 607, 94, 33, 33);
insert into ITEMS (item_id, size, brand, description, taxable, price, weight, store_id, checkout_id) values (34, 10, 'Thompson, Kessler and Rutherford', 'Donec quis orci eget orci vehicula condimentum.', false, 269, 35, 34, 34);
insert into ITEMS (item_id, size, brand, description, taxable, price, weight, store_id, checkout_id) values (35, 8, 'Reinger Group', 'Suspendisse potenti.', true, 413, 80, 35, 35);
insert into ITEMS (item_id, size, brand, description, taxable, price, weight, store_id, checkout_id) values (36, 8, 'Smith, Hamill and Abshire', 'Vestibulum ac est lacinia nisi venenatis tristique.', true, 281, 21, 36, 36);
insert into ITEMS (item_id, size, brand, description, taxable, price, weight, store_id, checkout_id) values (37, 6, 'Howell, Trantow and Boyle', 'Vestibulum ante ipsum primis in faucibus orci luctus et ultrices posuere cubilia Curae; Duis faucibus accumsan odio.', true, 173, 21, 37, 37);
insert into ITEMS (item_id, size, brand, description, taxable, price, weight, store_id, checkout_id) values (38, 10, 'Cummings and Sons', 'Nullam sit amet turpis elementum ligula vehicula consequat.', true, 464, 75, 38, 38);
insert into ITEMS (item_id, size, brand, description, taxable, price, weight, store_id, checkout_id) values (39, 4, 'Rohan, Blick and Blanda', 'Nulla facilisi.', true, 585, 32, 39, 39);
insert into ITEMS (item_id, size, brand, description, taxable, price, weight, store_id, checkout_id) values (40, 10, 'Will-Bruen', 'Nulla ac enim.', false, 229, 98, 40, 40);
insert into ITEMS (item_id, size, brand, description, taxable, price, weight, store_id, checkout_id) values (41, 2, 'Kovacek, Bahringer and Schroeder', 'Praesent id massa id nisl venenatis lacinia.', false, 947, 100, 41, 41);
insert into ITEMS (item_id, size, brand, description, taxable, price, weight, store_id, checkout_id) values (42, 8, 'Nader LLC', 'Morbi vel lectus in quam fringilla rhoncus.', false, 752, 36, 42, 42);
insert into ITEMS (item_id, size, brand, description, taxable, price, weight, store_id, checkout_id) values (43, 5, 'Franecki LLC', 'Morbi a ipsum.', false, 460, 79, 43, 43);
insert into ITEMS (item_id, size, brand, description, taxable, price, weight, store_id, checkout_id) values (44, 1, 'Jacobi, Lindgren and Lind', 'Praesent blandit lacinia erat.', true, 479, 67, 44, 44);
insert into ITEMS (item_id, size, brand, description, taxable, price, weight, store_id, checkout_id) values (45, 2, 'Ruecker and Sons', 'Maecenas pulvinar lobortis est.', false, 560, 43, 45, 45);
insert into ITEMS (item_id, size, brand, description, taxable, price, weight, store_id, checkout_id) values (46, 8, 'Klocko and Sons', 'Aliquam non mauris.', true, 794, 53, 46, 46);
insert into ITEMS (item_id, size, brand, description, taxable, price, weight, store_id, checkout_id) values (47, 9, 'Pagac and Sons', 'Suspendisse potenti.', true, 976, 6, 47, 47);
insert into ITEMS (item_id, size, brand, description, taxable, price, weight, store_id, checkout_id) values (48, 1, 'Parisian, Quitzon and Smith', 'Nunc rhoncus dui vel sem.', false, 576, 23, 48, 48);
insert into ITEMS (item_id, size, brand, description, taxable, price, weight, store_id, checkout_id) values (49, 3, 'Ebert-O''Reilly', 'Donec posuere metus vitae ipsum.', true, 283, 90, 49, 49);
insert into ITEMS (item_id, size, brand, description, taxable, price, weight, store_id, checkout_id) values (50, 2, 'Davis, Rodriguez and Muller', 'Duis bibendum.', true, 919, 53, 50, 50);
insert into ITEMS (item_id, size, brand, description, taxable, price, weight, store_id, checkout_id) values (51, 4, 'Graham Group', 'Vestibulum ante ipsum primis in faucibus orci luctus et ultrices posuere cubilia Curae; Mauris viverra diam vitae quam.', false, 706, 11, 51, 51);
insert into ITEMS (item_id, size, brand, description, taxable, price, weight, store_id, checkout_id) values (52, 5, 'Wiza-Nikolaus', 'Nulla facilisi.', false, 540, 27, 52, 52);
insert into ITEMS (item_id, size, brand, description, taxable, price, weight, store_id, checkout_id) values (53, 4, 'Schumm-Macejkovic', 'Etiam faucibus cursus urna.', true, 727, 18, 53, 53);
insert into ITEMS (item_id, size, brand, description, taxable, price, weight, store_id, checkout_id) values (54, 1, 'Jones Inc', 'Mauris ullamcorper purus sit amet nulla.', false, 375, 19, 54, 54);
insert into ITEMS (item_id, size, brand, description, taxable, price, weight, store_id, checkout_id) values (55, 6, 'Fisher-Lubowitz', 'Etiam justo.', false, 184, 35, 55, 55);
insert into ITEMS (item_id, size, brand, description, taxable, price, weight, store_id, checkout_id) values (56, 7, 'Hermann-Cummings', 'Aliquam augue quam, sollicitudin vitae, consectetuer eget, rutrum at, lorem.', false, 77, 87, 56, 56);
insert into ITEMS (item_id, size, brand, description, taxable, price, weight, store_id, checkout_id) values (57, 4, 'McLaughlin, Botsford and Huel', 'Vivamus in felis eu sapien cursus vestibulum.', true, 948, 64, 57, 57);
insert into ITEMS (item_id, size, brand, description, taxable, price, weight, store_id, checkout_id) values (58, 6, 'McDermott LLC', 'Nam ultrices, libero non mattis pulvinar, nulla pede ullamcorper augue, a suscipit nulla elit ac nulla.', true, 485, 64, 58, 58);
insert into ITEMS (item_id, size, brand, description, taxable, price, weight, store_id, checkout_id) values (59, 2, 'Larkin, D''Amore and Ward', 'Fusce posuere felis sed lacus.', false, 953, 52, 59, 59);
insert into ITEMS (item_id, size, brand, description, taxable, price, weight, store_id, checkout_id) values (60, 8, 'McKenzie-Ruecker', 'Phasellus in felis.', true, 208, 49, 60, 60);
insert into ITEMS (item_id, size, brand, description, taxable, price, weight, store_id, checkout_id) values (61, 5, 'Farrell-Corkery', 'Nullam orci pede, venenatis non, sodales sed, tincidunt eu, felis.', false, 542, 72, 61, 61);
insert into ITEMS (item_id, size, brand, description, taxable, price, weight, store_id, checkout_id) values (62, 7, 'Nikolaus-Kuhn', 'Morbi sem mauris, laoreet ut, rhoncus aliquet, pulvinar sed, nisl.', false, 24, 1, 62, 62);
insert into ITEMS (item_id, size, brand, description, taxable, price, weight, store_id, checkout_id) values (63, 4, 'Green, Bergnaum and Klocko', 'Aliquam quis turpis eget elit sodales scelerisque.', false, 491, 30, 63, 63);
insert into ITEMS (item_id, size, brand, description, taxable, price, weight, store_id, checkout_id) values (64, 2, 'Bosco and Sons', 'Sed vel enim sit amet nunc viverra dapibus.', false, 27, 29, 64, 64);
insert into ITEMS (item_id, size, brand, description, taxable, price, weight, store_id, checkout_id) values (65, 3, 'Brakus, Schultz and Watsica', 'Fusce congue, diam id ornare imperdiet, sapien urna pretium nisl, ut volutpat sapien arcu sed augue.', false, 382, 60, 65, 65);
insert into ITEMS (item_id, size, brand, description, taxable, price, weight, store_id, checkout_id) values (66, 7, 'Pollich Inc', 'Nulla nisl.', true, 131, 35, 66, 66);
insert into ITEMS (item_id, size, brand, description, taxable, price, weight, store_id, checkout_id) values (67, 1, 'Stoltenberg Group', 'Maecenas ut massa quis augue luctus tincidunt.', true, 888, 94, 67, 67);
insert into ITEMS (item_id, size, brand, description, taxable, price, weight, store_id, checkout_id) values (68, 3, 'Berge-Bernier', 'Lorem ipsum dolor sit amet, consectetuer adipiscing elit.', false, 767, 62, 68, 68);
insert into ITEMS (item_id, size, brand, description, taxable, price, weight, store_id, checkout_id) values (69, 5, 'Quitzon Group', 'Maecenas ut massa quis augue luctus tincidunt.', true, 436, 9, 69, 69);
insert into ITEMS (item_id, size, brand, description, taxable, price, weight, store_id, checkout_id) values (70, 10, 'Aufderhar, Champlin and Corkery', 'Maecenas rhoncus aliquam lacus.', false, 937, 61, 70, 70);
insert into ITEMS (item_id, size, brand, description, taxable, price, weight, store_id, checkout_id) values (71, 2, 'Gerhold-Harvey', 'Cras in purus eu magna vulputate luctus.', true, 774, 91, 71, 71);
insert into ITEMS (item_id, size, brand, description, taxable, price, weight, store_id, checkout_id) values (72, 8, 'Bosco-Bauch', 'Suspendisse accumsan tortor quis turpis.', false, 173, 69, 72, 72);
insert into ITEMS (item_id, size, brand, description, taxable, price, weight, store_id, checkout_id) values (73, 5, 'Runte LLC', 'Vestibulum sed magna at nunc commodo placerat.', true, 228, 4, 73, 73);
insert into ITEMS (item_id, size, brand, description, taxable, price, weight, store_id, checkout_id) values (74, 10, 'Osinski-Rohan', 'Phasellus in felis.', true, 781, 29, 74, 74);
insert into ITEMS (item_id, size, brand, description, taxable, price, weight, store_id, checkout_id) values (75, 9, 'Abbott LLC', 'Curabitur convallis.', true, 83, 46, 75, 75);
insert into ITEMS (item_id, size, brand, description, taxable, price, weight, store_id, checkout_id) values (76, 1, 'Halvorson Inc', 'Cras pellentesque volutpat dui.', false, 20, 73, 76, 76);
insert into ITEMS (item_id, size, brand, description, taxable, price, weight, store_id, checkout_id) values (77, 4, 'DuBuque, Heidenreich and Kovacek', 'Donec ut mauris eget massa tempor convallis.', false, 205, 80, 77, 77);
insert into ITEMS (item_id, size, brand, description, taxable, price, weight, store_id, checkout_id) values (78, 9, 'Casper, Roob and Hoppe', 'Vestibulum ante ipsum primis in faucibus orci luctus et ultrices posuere cubilia Curae; Donec pharetra, magna vestibulum aliquet ultrices, erat tortor sollicitudin mi, sit amet lobortis sapien sapien non mi.', true, 126, 21, 78, 78);
insert into ITEMS (item_id, size, brand, description, taxable, price, weight, store_id, checkout_id) values (79, 1, 'Schuster, Luettgen and Erdman', 'Pellentesque at nulla.', true, 823, 44, 79, 79);
insert into ITEMS (item_id, size, brand, description, taxable, price, weight, store_id, checkout_id) values (80, 9, 'Witting-Wolf', 'Donec semper sapien a libero.', false, 588, 34, 80, 80);
insert into ITEMS (item_id, size, brand, description, taxable, price, weight, store_id, checkout_id) values (81, 10, 'Collins, Christiansen and Barton', 'Integer ac neque.', true, 126, 11, 81, 81);
insert into ITEMS (item_id, size, brand, description, taxable, price, weight, store_id, checkout_id) values (82, 6, 'Grimes, Walsh and Dare', 'Nunc purus.', false, 529, 2, 82, 82);
insert into ITEMS (item_id, size, brand, description, taxable, price, weight, store_id, checkout_id) values (83, 5, 'Lehner-Deckow', 'Duis bibendum.', false, 985, 87, 83, 83);
insert into ITEMS (item_id, size, brand, description, taxable, price, weight, store_id, checkout_id) values (84, 7, 'Ebert-Beier', 'Morbi odio odio, elementum eu, interdum eu, tincidunt in, leo.', true, 798, 6, 84, 84);
insert into ITEMS (item_id, size, brand, description, taxable, price, weight, store_id, checkout_id) values (85, 4, 'Jakubowski-Deckow', 'Pellentesque ultrices mattis odio.', true, 583, 57, 85, 85);
insert into ITEMS (item_id, size, brand, description, taxable, price, weight, store_id, checkout_id) values (86, 5, 'Donnelly-Jenkins', 'Etiam vel augue.', false, 170, 17, 86, 86);
insert into ITEMS (item_id, size, brand, description, taxable, price, weight, store_id, checkout_id) values (87, 6, 'Welch, Green and Green', 'Duis at velit eu est congue elementum.', false, 215, 15, 87, 87);
insert into ITEMS (item_id, size, brand, description, taxable, price, weight, store_id, checkout_id) values (88, 10, 'Herzog, Lesch and Jast', 'Etiam justo.', false, 978, 66, 88, 88);
insert into ITEMS (item_id, size, brand, description, taxable, price, weight, store_id, checkout_id) values (89, 6, 'Osinski-Bradtke', 'Morbi non quam nec dui luctus rutrum.', false, 209, 82, 89, 89);
insert into ITEMS (item_id, size, brand, description, taxable, price, weight, store_id, checkout_id) values (90, 3, 'Howell-Barrows', 'Nulla suscipit ligula in lacus.', false, 96, 62, 90, 90);
insert into ITEMS (item_id, size, brand, description, taxable, price, weight, store_id, checkout_id) values (91, 5, 'Bartell-Lowe', 'Maecenas leo odio, condimentum id, luctus nec, molestie sed, justo.', true, 130, 42, 91, 91);
insert into ITEMS (item_id, size, brand, description, taxable, price, weight, store_id, checkout_id) values (92, 6, 'Howell-Tromp', 'Integer a nibh.', true, 807, 35, 92, 92);
insert into ITEMS (item_id, size, brand, description, taxable, price, weight, store_id, checkout_id) values (93, 2, 'Abernathy, Beier and Jacobi', 'Maecenas tristique, est et tempus semper, est quam pharetra magna, ac consequat metus sapien ut nunc.', false, 421, 69, 93, 93);
insert into ITEMS (item_id, size, brand, description, taxable, price, weight, store_id, checkout_id) values (94, 5, 'Schneider-Bauch', 'Aenean fermentum.', false, 919, 58, 94, 94);
insert into ITEMS (item_id, size, brand, description, taxable, price, weight, store_id, checkout_id) values (95, 6, 'Ruecker-Satterfield', 'Nam congue, risus semper porta volutpat, quam pede lobortis ligula, sit amet eleifend pede libero quis orci.', false, 278, 84, 95, 95);
insert into ITEMS (item_id, size, brand, description, taxable, price, weight, store_id, checkout_id) values (96, 6, 'Koss-Beatty', 'Nam ultrices, libero non mattis pulvinar, nulla pede ullamcorper augue, a suscipit nulla elit ac nulla.', false, 420, 36, 96, 96);
insert into ITEMS (item_id, size, brand, description, taxable, price, weight, store_id, checkout_id) values (97, 5, 'Jenkins Inc', 'Sed vel enim sit amet nunc viverra dapibus.', true, 289, 39, 97, 97);
insert into ITEMS (item_id, size, brand, description, taxable, price, weight, store_id, checkout_id) values (98, 4, 'Wilderman Inc', 'Cum sociis natoque penatibus et magnis dis parturient montes, nascetur ridiculus mus.', true, 252, 32, 98, 98);
insert into ITEMS (item_id, size, brand, description, taxable, price, weight, store_id, checkout_id) values (99, 8, 'Hermann, Cummings and Hermiston', 'Praesent blandit lacinia erat.', false, 776, 6, 99, 99);
insert into ITEMS (item_id, size, brand, description, taxable, price, weight, store_id, checkout_id) values (100, 2, 'McDermott Group', 'Cum sociis natoque penatibus et magnis dis parturient montes, nascetur ridiculus mus.', false, 522, 4, 100, 100);


insert into FEEDBACK (feedback_id, rating, cust_feedback, cust_id, item_id) values (1, 7, 'Maecenas pulvinar lobortis est.', 1, 1);
insert into FEEDBACK (feedback_id, rating, cust_feedback, cust_id, item_id) values (2, 7, 'Etiam vel augue.', 2, 2);
insert into FEEDBACK (feedback_id, rating, cust_feedback, cust_id, item_id) values (3, 2, 'Integer tincidunt ante vel ipsum.', 3, 3);
insert into FEEDBACK (feedback_id, rating, cust_feedback, cust_id, item_id) values (4, 6, 'In sagittis dui vel nisl.', 4, 4);
insert into FEEDBACK (feedback_id, rating, cust_feedback, cust_id, item_id) values (5, 2, 'Praesent lectus.', 5, 5);
insert into FEEDBACK (feedback_id, rating, cust_feedback, cust_id, item_id) values (6, 10, 'Integer aliquet, massa id lobortis convallis, tortor risus dapibus augue, vel accumsan tellus nisi eu orci.', 6, 6);
insert into FEEDBACK (feedback_id, rating, cust_feedback, cust_id, item_id) values (7, 1, 'Duis bibendum, felis sed interdum venenatis, turpis enim blandit mi, in porttitor pede justo eu massa.', 7, 7);
insert into FEEDBACK (feedback_id, rating, cust_feedback, cust_id, item_id) values (8, 3, 'Aenean fermentum.', 8, 8);
insert into FEEDBACK (feedback_id, rating, cust_feedback, cust_id, item_id) values (9, 7, 'Morbi sem mauris, laoreet ut, rhoncus aliquet, pulvinar sed, nisl.', 9, 9);
insert into FEEDBACK (feedback_id, rating, cust_feedback, cust_id, item_id) values (10, 9, 'Etiam justo.', 10, 10);
insert into FEEDBACK (feedback_id, rating, cust_feedback, cust_id, item_id) values (11, 8, 'Nulla neque libero, convallis eget, eleifend luctus, ultricies eu, nibh.', 11, 11);
insert into FEEDBACK (feedback_id, rating, cust_feedback, cust_id, item_id) values (12, 4, 'Nulla tempus.', 12, 12);
insert into FEEDBACK (feedback_id, rating, cust_feedback, cust_id, item_id) values (13, 2, 'Duis at velit eu est congue elementum.', 13, 13);
insert into FEEDBACK (feedback_id, rating, cust_feedback, cust_id, item_id) values (14, 6, 'Nulla facilisi.', 14, 14);
insert into FEEDBACK (feedback_id, rating, cust_feedback, cust_id, item_id) values (15, 5, 'In hac habitasse platea dictumst.', 15, 15);
insert into FEEDBACK (feedback_id, rating, cust_feedback, cust_id, item_id) values (16, 6, 'Integer a nibh.', 16, 16);
insert into FEEDBACK (feedback_id, rating, cust_feedback, cust_id, item_id) values (17, 7, 'Vestibulum quam sapien, varius ut, blandit non, interdum in, ante.', 17, 17);
insert into FEEDBACK (feedback_id, rating, cust_feedback, cust_id, item_id) values (18, 4, 'Mauris sit amet eros.', 18, 18);
insert into FEEDBACK (feedback_id, rating, cust_feedback, cust_id, item_id) values (19, 9, 'Praesent id massa id nisl venenatis lacinia.', 19, 19);
insert into FEEDBACK (feedback_id, rating, cust_feedback, cust_id, item_id) values (20, 1, 'Integer ac leo.', 20, 20);
insert into FEEDBACK (feedback_id, rating, cust_feedback, cust_id, item_id) values (21, 1, 'Donec ut dolor.', 21, 21);
insert into FEEDBACK (feedback_id, rating, cust_feedback, cust_id, item_id) values (22, 8, 'In hac habitasse platea dictumst.', 22, 22);
insert into FEEDBACK (feedback_id, rating, cust_feedback, cust_id, item_id) values (23, 7, 'Nulla justo.', 23, 23);
insert into FEEDBACK (feedback_id, rating, cust_feedback, cust_id, item_id) values (24, 10, 'Quisque id justo sit amet sapien dignissim vestibulum.', 24, 24);
insert into FEEDBACK (feedback_id, rating, cust_feedback, cust_id, item_id) values (25, 4, 'Integer non velit.', 25, 25);
insert into FEEDBACK (feedback_id, rating, cust_feedback, cust_id, item_id) values (26, 8, 'Integer non velit.', 26, 26);
insert into FEEDBACK (feedback_id, rating, cust_feedback, cust_id, item_id) values (27, 6, 'Phasellus id sapien in sapien iaculis congue.', 27, 27);
insert into FEEDBACK (feedback_id, rating, cust_feedback, cust_id, item_id) values (28, 1, 'Proin leo odio, porttitor id, consequat in, consequat ut, nulla.', 28, 28);
insert into FEEDBACK (feedback_id, rating, cust_feedback, cust_id, item_id) values (29, 8, 'Duis mattis egestas metus.', 29, 29);
insert into FEEDBACK (feedback_id, rating, cust_feedback, cust_id, item_id) values (30, 3, 'Cras pellentesque volutpat dui.', 30, 30);
insert into FEEDBACK (feedback_id, rating, cust_feedback, cust_id, item_id) values (31, 9, 'Vestibulum ac est lacinia nisi venenatis tristique.', 31, 31);
insert into FEEDBACK (feedback_id, rating, cust_feedback, cust_id, item_id) values (32, 2, 'Nam ultrices, libero non mattis pulvinar, nulla pede ullamcorper augue, a suscipit nulla elit ac nulla.', 32, 32);
insert into FEEDBACK (feedback_id, rating, cust_feedback, cust_id, item_id) values (33, 4, 'Nullam orci pede, venenatis non, sodales sed, tincidunt eu, felis.', 33, 33);
insert into FEEDBACK (feedback_id, rating, cust_feedback, cust_id, item_id) values (34, 1, 'Integer pede justo, lacinia eget, tincidunt eget, tempus vel, pede.', 34, 34);
insert into FEEDBACK (feedback_id, rating, cust_feedback, cust_id, item_id) values (35, 1, 'Nullam varius.', 35, 35);
insert into FEEDBACK (feedback_id, rating, cust_feedback, cust_id, item_id) values (36, 7, 'Integer tincidunt ante vel ipsum.', 36, 36);
insert into FEEDBACK (feedback_id, rating, cust_feedback, cust_id, item_id) values (37, 6, 'Maecenas tristique, est et tempus semper, est quam pharetra magna, ac consequat metus sapien ut nunc.', 37, 37);
insert into FEEDBACK (feedback_id, rating, cust_feedback, cust_id, item_id) values (38, 5, 'Cras non velit nec nisi vulputate nonummy.', 38, 38);
insert into FEEDBACK (feedback_id, rating, cust_feedback, cust_id, item_id) values (39, 6, 'In tempor, turpis nec euismod scelerisque, quam turpis adipiscing lorem, vitae mattis nibh ligula nec sem.', 39, 39);
insert into FEEDBACK (feedback_id, rating, cust_feedback, cust_id, item_id) values (40, 9, 'Aliquam erat volutpat.', 40, 40);
insert into FEEDBACK (feedback_id, rating, cust_feedback, cust_id, item_id) values (41, 6, 'Proin risus.', 41, 41);
insert into FEEDBACK (feedback_id, rating, cust_feedback, cust_id, item_id) values (42, 10, 'Nullam varius.', 42, 42);
insert into FEEDBACK (feedback_id, rating, cust_feedback, cust_id, item_id) values (43, 9, 'Nulla ut erat id mauris vulputate elementum.', 43, 43);
insert into FEEDBACK (feedback_id, rating, cust_feedback, cust_id, item_id) values (44, 10, 'Proin leo odio, porttitor id, consequat in, consequat ut, nulla.', 44, 44);
insert into FEEDBACK (feedback_id, rating, cust_feedback, cust_id, item_id) values (45, 7, 'Donec ut mauris eget massa tempor convallis.', 45, 45);
insert into FEEDBACK (feedback_id, rating, cust_feedback, cust_id, item_id) values (46, 9, 'Integer pede justo, lacinia eget, tincidunt eget, tempus vel, pede.', 46, 46);
insert into FEEDBACK (feedback_id, rating, cust_feedback, cust_id, item_id) values (47, 5, 'Suspendisse accumsan tortor quis turpis.', 47, 47);
insert into FEEDBACK (feedback_id, rating, cust_feedback, cust_id, item_id) values (48, 6, 'Nam tristique tortor eu pede.', 48, 48);
insert into FEEDBACK (feedback_id, rating, cust_feedback, cust_id, item_id) values (49, 4, 'Morbi non lectus.', 49, 49);
insert into FEEDBACK (feedback_id, rating, cust_feedback, cust_id, item_id) values (50, 5, 'Sed ante.', 50, 50);
insert into FEEDBACK (feedback_id, rating, cust_feedback, cust_id, item_id) values (51, 9, 'Vivamus vel nulla eget eros elementum pellentesque.', 51, 51);
insert into FEEDBACK (feedback_id, rating, cust_feedback, cust_id, item_id) values (52, 8, 'Integer a nibh.', 52, 52);
insert into FEEDBACK (feedback_id, rating, cust_feedback, cust_id, item_id) values (53, 9, 'Morbi porttitor lorem id ligula.', 53, 53);
insert into FEEDBACK (feedback_id, rating, cust_feedback, cust_id, item_id) values (54, 3, 'Etiam faucibus cursus urna.', 54, 54);
insert into FEEDBACK (feedback_id, rating, cust_feedback, cust_id, item_id) values (55, 6, 'Morbi odio odio, elementum eu, interdum eu, tincidunt in, leo.', 55, 55);
insert into FEEDBACK (feedback_id, rating, cust_feedback, cust_id, item_id) values (56, 5, 'Integer tincidunt ante vel ipsum.', 56, 56);
insert into FEEDBACK (feedback_id, rating, cust_feedback, cust_id, item_id) values (57, 2, 'Maecenas leo odio, condimentum id, luctus nec, molestie sed, justo.', 57, 57);
insert into FEEDBACK (feedback_id, rating, cust_feedback, cust_id, item_id) values (58, 10, 'Integer non velit.', 58, 58);
insert into FEEDBACK (feedback_id, rating, cust_feedback, cust_id, item_id) values (59, 1, 'Aliquam non mauris.', 59, 59);
insert into FEEDBACK (feedback_id, rating, cust_feedback, cust_id, item_id) values (60, 6, 'In congue.', 60, 60);
insert into FEEDBACK (feedback_id, rating, cust_feedback, cust_id, item_id) values (61, 7, 'Praesent blandit lacinia erat.', 61, 61);
insert into FEEDBACK (feedback_id, rating, cust_feedback, cust_id, item_id) values (62, 9, 'Duis bibendum, felis sed interdum venenatis, turpis enim blandit mi, in porttitor pede justo eu massa.', 62, 62);
insert into FEEDBACK (feedback_id, rating, cust_feedback, cust_id, item_id) values (63, 5, 'Quisque ut erat.', 63, 63);
insert into FEEDBACK (feedback_id, rating, cust_feedback, cust_id, item_id) values (64, 5, 'Nulla mollis molestie lorem.', 64, 64);
insert into FEEDBACK (feedback_id, rating, cust_feedback, cust_id, item_id) values (65, 1, 'Morbi vestibulum, velit id pretium iaculis, diam erat fermentum justo, nec condimentum neque sapien placerat ante.', 65, 65);
insert into FEEDBACK (feedback_id, rating, cust_feedback, cust_id, item_id) values (66, 9, 'Integer ac leo.', 66, 66);
insert into FEEDBACK (feedback_id, rating, cust_feedback, cust_id, item_id) values (67, 10, 'Morbi a ipsum.', 67, 67);
insert into FEEDBACK (feedback_id, rating, cust_feedback, cust_id, item_id) values (68, 2, 'Nam ultrices, libero non mattis pulvinar, nulla pede ullamcorper augue, a suscipit nulla elit ac nulla.', 68, 68);
insert into FEEDBACK (feedback_id, rating, cust_feedback, cust_id, item_id) values (69, 1, 'Vestibulum ante ipsum primis in faucibus orci luctus et ultrices posuere cubilia Curae; Mauris viverra diam vitae quam.', 69, 69);
insert into FEEDBACK (feedback_id, rating, cust_feedback, cust_id, item_id) values (70, 2, 'Nullam molestie nibh in lectus.', 70, 70);
insert into FEEDBACK (feedback_id, rating, cust_feedback, cust_id, item_id) values (71, 9, 'In hac habitasse platea dictumst.', 71, 71);
insert into FEEDBACK (feedback_id, rating, cust_feedback, cust_id, item_id) values (72, 8, 'Nam nulla.', 72, 72);
insert into FEEDBACK (feedback_id, rating, cust_feedback, cust_id, item_id) values (73, 4, 'Fusce consequat.', 73, 73);
insert into FEEDBACK (feedback_id, rating, cust_feedback, cust_id, item_id) values (74, 9, 'Vestibulum quam sapien, varius ut, blandit non, interdum in, ante.', 74, 74);
insert into FEEDBACK (feedback_id, rating, cust_feedback, cust_id, item_id) values (75, 5, 'In hac habitasse platea dictumst.', 75, 75);
insert into FEEDBACK (feedback_id, rating, cust_feedback, cust_id, item_id) values (76, 5, 'Donec ut dolor.', 76, 76);
insert into FEEDBACK (feedback_id, rating, cust_feedback, cust_id, item_id) values (77, 6, 'Suspendisse ornare consequat lectus.', 77, 77);
insert into FEEDBACK (feedback_id, rating, cust_feedback, cust_id, item_id) values (78, 1, 'Vivamus vel nulla eget eros elementum pellentesque.', 78, 78);
insert into FEEDBACK (feedback_id, rating, cust_feedback, cust_id, item_id) values (79, 9, 'Quisque id justo sit amet sapien dignissim vestibulum.', 79, 79);
insert into FEEDBACK (feedback_id, rating, cust_feedback, cust_id, item_id) values (80, 6, 'Donec ut mauris eget massa tempor convallis.', 80, 80);
insert into FEEDBACK (feedback_id, rating, cust_feedback, cust_id, item_id) values (81, 7, 'Vivamus vel nulla eget eros elementum pellentesque.', 81, 81);
insert into FEEDBACK (feedback_id, rating, cust_feedback, cust_id, item_id) values (82, 3, 'Duis at velit eu est congue elementum.', 82, 82);
insert into FEEDBACK (feedback_id, rating, cust_feedback, cust_id, item_id) values (83, 3, 'Sed accumsan felis.', 83, 83);
insert into FEEDBACK (feedback_id, rating, cust_feedback, cust_id, item_id) values (84, 1, 'Donec diam neque, vestibulum eget, vulputate ut, ultrices vel, augue.', 84, 84);
insert into FEEDBACK (feedback_id, rating, cust_feedback, cust_id, item_id) values (85, 5, 'Etiam justo.', 85, 85);
insert into FEEDBACK (feedback_id, rating, cust_feedback, cust_id, item_id) values (86, 5, 'Donec quis orci eget orci vehicula condimentum.', 86, 86);
insert into FEEDBACK (feedback_id, rating, cust_feedback, cust_id, item_id) values (87, 3, 'Aenean fermentum.', 87, 87);
insert into FEEDBACK (feedback_id, rating, cust_feedback, cust_id, item_id) values (88, 9, 'Sed ante.', 88, 88);
insert into FEEDBACK (feedback_id, rating, cust_feedback, cust_id, item_id) values (89, 4, 'Curabitur gravida nisi at nibh.', 89, 89);
insert into FEEDBACK (feedback_id, rating, cust_feedback, cust_id, item_id) values (90, 3, 'In hac habitasse platea dictumst.', 90, 90);
insert into FEEDBACK (feedback_id, rating, cust_feedback, cust_id, item_id) values (91, 7, 'Suspendisse accumsan tortor quis turpis.', 91, 91);
insert into FEEDBACK (feedback_id, rating, cust_feedback, cust_id, item_id) values (92, 4, 'Vestibulum ac est lacinia nisi venenatis tristique.', 92, 92);
insert into FEEDBACK (feedback_id, rating, cust_feedback, cust_id, item_id) values (93, 3, 'Aliquam non mauris.', 93, 93);
insert into FEEDBACK (feedback_id, rating, cust_feedback, cust_id, item_id) values (94, 2, 'Duis ac nibh.', 94, 94);
insert into FEEDBACK (feedback_id, rating, cust_feedback, cust_id, item_id) values (95, 5, 'Donec ut dolor.', 95, 95);
insert into FEEDBACK (feedback_id, rating, cust_feedback, cust_id, item_id) values (96, 7, 'Vivamus vel nulla eget eros elementum pellentesque.', 96, 96);
insert into FEEDBACK (feedback_id, rating, cust_feedback, cust_id, item_id) values (97, 7, 'Duis mattis egestas metus.', 97, 97);
insert into FEEDBACK (feedback_id, rating, cust_feedback, cust_id, item_id) values (98, 4, 'In est risus, auctor sed, tristique in, tempus sit amet, sem.', 98, 98);
insert into FEEDBACK (feedback_id, rating, cust_feedback, cust_id, item_id) values (99, 4, 'Phasellus sit amet erat.', 99, 99);
insert into FEEDBACK (feedback_id, rating, cust_feedback, cust_id, item_id) values (100, 6, 'In eleifend quam a odio.', 100, 100);


insert into SUPPLIER (supplier_id, name, phone, item_id) values (1, 'Maline', '7354804623', 1);
insert into SUPPLIER (supplier_id, name, phone, item_id) values (2, 'Mawenn', '9933844827', 2);
insert into SUPPLIER (supplier_id, name, phone, item_id) values (3, 'Este', '6079906012', 3);
insert into SUPPLIER (supplier_id, name, phone, item_id) values (4, 'Tng', '7507503642', 4);
insert into SUPPLIER (supplier_id, name, phone, item_id) values (5, 'Nlie', '9774589942', 5);
insert into SUPPLIER (supplier_id, name, phone, item_id) values (6, 'Laurna', '7416887735', 6);
insert into SUPPLIER (supplier_id, name, phone, item_id) values (7, 'Marie-nol', '9727124712', 7);
insert into SUPPLIER (supplier_id, name, phone, item_id) values (8, 'Clo', '1185520362', 8);
insert into SUPPLIER (supplier_id, name, phone, item_id) values (9, 'Nomie', '1217540092', 9);
insert into SUPPLIER (supplier_id, name, phone, item_id) values (10, 'sten', '9497812469', 10);
insert into SUPPLIER (supplier_id, name, phone, item_id) values (11, 'Eugnie', '9011731550', 11);
insert into SUPPLIER (supplier_id, name, phone, item_id) values (12, 'Ru', '7679660817', 12);
insert into SUPPLIER (supplier_id, name, phone, item_id) values (13, 'Rbecca', '8395176627', 13);
insert into SUPPLIER (supplier_id, name, phone, item_id) values (14, 'Malyss', '5268558648', 14);
insert into SUPPLIER (supplier_id, name, phone, item_id) values (15, 'Adlie', '1458324344', 15);
insert into SUPPLIER (supplier_id, name, phone, item_id) values (16, 'Jose', '1493126818', 16);
insert into SUPPLIER (supplier_id, name, phone, item_id) values (17, 'Andre', '9705227288', 17);
insert into SUPPLIER (supplier_id, name, phone, item_id) values (18, 'Clestine', '8352962176', 18);
insert into SUPPLIER (supplier_id, name, phone, item_id) values (19, 'Mat', '8072756038', 19);
insert into SUPPLIER (supplier_id, name, phone, item_id) values (20, 'Marie-hlne', '3075492076', 20);
insert into SUPPLIER (supplier_id, name, phone, item_id) values (21, 'Tng', '3718014717', 21);
insert into SUPPLIER (supplier_id, name, phone, item_id) values (22, 'Flicie', '9948965995', 22);
insert into SUPPLIER (supplier_id, name, phone, item_id) values (23, 'Marie-franoise', '1917615552', 23);
insert into SUPPLIER (supplier_id, name, phone, item_id) values (24, 'Annote', '8132327394', 24);
insert into SUPPLIER (supplier_id, name, phone, item_id) values (25, 'Clo', '9154844764', 25);
insert into SUPPLIER (supplier_id, name, phone, item_id) values (26, 'Alos', '8608999218', 26);
insert into SUPPLIER (supplier_id, name, phone, item_id) values (27, 'Ana', '6809208467', 27);
insert into SUPPLIER (supplier_id, name, phone, item_id) values (28, 'Eugnie', '6127290881', 28);
insert into SUPPLIER (supplier_id, name, phone, item_id) values (29, 'Lorne', '4374824119', 29);
insert into SUPPLIER (supplier_id, name, phone, item_id) values (30, 'Marlne', '4756044621', 30);
insert into SUPPLIER (supplier_id, name, phone, item_id) values (31, 'Gatane', '7911372054', 31);
insert into SUPPLIER (supplier_id, name, phone, item_id) values (32, 'Mng', '8245973983', 32);
insert into SUPPLIER (supplier_id, name, phone, item_id) values (33, 'Ela', '7038605432', 33);
insert into SUPPLIER (supplier_id, name, phone, item_id) values (34, 'Clestine', '2719263834', 34);
insert into SUPPLIER (supplier_id, name, phone, item_id) values (35, 'Malla', '6066175396', 35);
insert into SUPPLIER (supplier_id, name, phone, item_id) values (36, 'Ccile', '7598621386', 36);
insert into SUPPLIER (supplier_id, name, phone, item_id) values (37, 'Ana', '2548635700', 37);
insert into SUPPLIER (supplier_id, name, phone, item_id) values (38, 'Maly', '1739211585', 38);
insert into SUPPLIER (supplier_id, name, phone, item_id) values (39, 'Valrie', '7178519233', 39);
insert into SUPPLIER (supplier_id, name, phone, item_id) values (40, 'Cla', '6217524245', 40);
insert into SUPPLIER (supplier_id, name, phone, item_id) values (41, 'Mlia', '3044890883', 41);
insert into SUPPLIER (supplier_id, name, phone, item_id) values (42, 'Desire', '7294386900', 42);
insert into SUPPLIER (supplier_id, name, phone, item_id) values (43, 'Mrta', '8281219162', 43);
insert into SUPPLIER (supplier_id, name, phone, item_id) values (44, 'Irne', '6486233013', 44);
insert into SUPPLIER (supplier_id, name, phone, item_id) values (45, 'Nu', '4559669265', 45);
insert into SUPPLIER (supplier_id, name, phone, item_id) values (46, 'Aurlie', '8626346075', 46);
insert into SUPPLIER (supplier_id, name, phone, item_id) values (47, 'Y', '6242014608', 47);
insert into SUPPLIER (supplier_id, name, phone, item_id) values (48, 'Mahlie', '2409320963', 48);
insert into SUPPLIER (supplier_id, name, phone, item_id) values (49, 'Nomie', '5678921192', 49);
insert into SUPPLIER (supplier_id, name, phone, item_id) values (50, 'Adlie', '7494632343', 50);
insert into SUPPLIER (supplier_id, name, phone, item_id) values (51, 'Marie-thrse', '7897856655', 51);
insert into SUPPLIER (supplier_id, name, phone, item_id) values (52, 'Mdiamass', '3633232488', 52);
insert into SUPPLIER (supplier_id, name, phone, item_id) values (53, 'Gisle', '4814334324', 53);
insert into SUPPLIER (supplier_id, name, phone, item_id) values (54, 'T', '3384542390', 54);
insert into SUPPLIER (supplier_id, name, phone, item_id) values (55, 'Frdrique', '3165363090', 55);
insert into SUPPLIER (supplier_id, name, phone, item_id) values (56, 'Lorne', '4735974878', 56);
insert into SUPPLIER (supplier_id, name, phone, item_id) values (57, 'Mawenn', '5194784769', 57);
insert into SUPPLIER (supplier_id, name, phone, item_id) values (58, 'Lng', '2006678571', 58);
insert into SUPPLIER (supplier_id, name, phone, item_id) values (59, 'Rjane', '1633793212', 59);
insert into SUPPLIER (supplier_id, name, phone, item_id) values (60, 'Laurne', '5678604228', 60);
insert into SUPPLIER (supplier_id, name, phone, item_id) values (61, 'Y', '1005785734', 61);
insert into SUPPLIER (supplier_id, name, phone, item_id) values (62, 'Fates', '4029081702', 62);
insert into SUPPLIER (supplier_id, name, phone, item_id) values (63, 'Genevive', '6524276031', 63);
insert into SUPPLIER (supplier_id, name, phone, item_id) values (64, 'Clia', '6844485275', 64);
insert into SUPPLIER (supplier_id, name, phone, item_id) values (65, 'Rbecca', '8163753333', 65);
insert into SUPPLIER (supplier_id, name, phone, item_id) values (66, 'Adle', '5464064463', 66);
insert into SUPPLIER (supplier_id, name, phone, item_id) values (67, 'Nadge', '7499446466', 67);
insert into SUPPLIER (supplier_id, name, phone, item_id) values (68, 'Este', '3046634342', 68);
insert into SUPPLIER (supplier_id, name, phone, item_id) values (69, 'Lysa', '8203864238', 69);
insert into SUPPLIER (supplier_id, name, phone, item_id) values (70, 'Alize', '3503559323', 70);
insert into SUPPLIER (supplier_id, name, phone, item_id) values (71, 'Brangre', '5535222974', 71);
insert into SUPPLIER (supplier_id, name, phone, item_id) values (72, 'Lane', '3197124799', 72);
insert into SUPPLIER (supplier_id, name, phone, item_id) values (73, 'Elis', '6543577217', 73);
insert into SUPPLIER (supplier_id, name, phone, item_id) values (74, 'Cline', '7045689234', 74);
insert into SUPPLIER (supplier_id, name, phone, item_id) values (75, 'Mlina', '1058513155', 75);
insert into SUPPLIER (supplier_id, name, phone, item_id) values (76, 'Bjrn', '7576638182', 76);
insert into SUPPLIER (supplier_id, name, phone, item_id) values (77, 'Marylne', '1766419388', 77);
insert into SUPPLIER (supplier_id, name, phone, item_id) values (78, 'Y', '8196799267', 78);
insert into SUPPLIER (supplier_id, name, phone, item_id) values (79, 'Pl', '3933349684', 79);
insert into SUPPLIER (supplier_id, name, phone, item_id) values (80, 'Loc', '3291435422', 80);
insert into SUPPLIER (supplier_id, name, phone, item_id) values (81, 'Mlina', '4382509172', 81);
insert into SUPPLIER (supplier_id, name, phone, item_id) values (82, 'Nava', '3027676336', 82);
insert into SUPPLIER (supplier_id, name, phone, item_id) values (83, 'Andr', '5254041445', 83);
insert into SUPPLIER (supplier_id, name, phone, item_id) values (84, 'Mn', '4068641746', 84);
insert into SUPPLIER (supplier_id, name, phone, item_id) values (85, 'Maline', '9808567770', 85);
insert into SUPPLIER (supplier_id, name, phone, item_id) values (86, 'Mns', '1133133774', 86);
insert into SUPPLIER (supplier_id, name, phone, item_id) values (87, 'Tng', '1755130309', 87);
insert into SUPPLIER (supplier_id, name, phone, item_id) values (88, 'Esbjrn', '9947016117', 88);
insert into SUPPLIER (supplier_id, name, phone, item_id) values (89, 'Landre', '4719754728', 89);
insert into SUPPLIER (supplier_id, name, phone, item_id) values (90, 'Jose', '2265395128', 90);
insert into SUPPLIER (supplier_id, name, phone, item_id) values (91, 'Ocanne', '9619702707', 91);
insert into SUPPLIER (supplier_id, name, phone, item_id) values (92, 'Loca', '9352826422', 92);
insert into SUPPLIER (supplier_id, name, phone, item_id) values (93, 'Laurlie', '5829314184', 93);
insert into SUPPLIER (supplier_id, name, phone, item_id) values (94, 'Torbjrn', '7128298850', 94);
insert into SUPPLIER (supplier_id, name, phone, item_id) values (95, 'Publicit', '7284900551', 95);
insert into SUPPLIER (supplier_id, name, phone, item_id) values (96, 'Rjane', '5366558605', 96);
insert into SUPPLIER (supplier_id, name, phone, item_id) values (97, 'Irne', '3556799840', 97);
insert into SUPPLIER (supplier_id, name, phone, item_id) values (98, 'Amlie', '8589621661', 98);
insert into SUPPLIER (supplier_id, name, phone, item_id) values (99, 'Illustre', '6242673374', 99);
insert into SUPPLIER (supplier_id, name, phone, item_id) values (100, 'Rachle', '5629588645', 100);


insert into SUPPLIES (supplier_id, store_id) values (1, 1);
insert into SUPPLIES (supplier_id, store_id) values (2, 2);
insert into SUPPLIES (supplier_id, store_id) values (3, 3);
insert into SUPPLIES (supplier_id, store_id) values (4, 4);
insert into SUPPLIES (supplier_id, store_id) values (5, 5);
insert into SUPPLIES (supplier_id, store_id) values (6, 6);
insert into SUPPLIES (supplier_id, store_id) values (7, 7);
insert into SUPPLIES (supplier_id, store_id) values (8, 8);
insert into SUPPLIES (supplier_id, store_id) values (9, 9);
insert into SUPPLIES (supplier_id, store_id) values (10, 10);
insert into SUPPLIES (supplier_id, store_id) values (11, 11);
insert into SUPPLIES (supplier_id, store_id) values (12, 12);
insert into SUPPLIES (supplier_id, store_id) values (13, 13);
insert into SUPPLIES (supplier_id, store_id) values (14, 14);
insert into SUPPLIES (supplier_id, store_id) values (15, 15);
insert into SUPPLIES (supplier_id, store_id) values (16, 16);
insert into SUPPLIES (supplier_id, store_id) values (17, 17);
insert into SUPPLIES (supplier_id, store_id) values (18, 18);
insert into SUPPLIES (supplier_id, store_id) values (19, 19);
insert into SUPPLIES (supplier_id, store_id) values (20, 20);
insert into SUPPLIES (supplier_id, store_id) values (21, 21);
insert into SUPPLIES (supplier_id, store_id) values (22, 22);
insert into SUPPLIES (supplier_id, store_id) values (23, 23);
insert into SUPPLIES (supplier_id, store_id) values (24, 24);
insert into SUPPLIES (supplier_id, store_id) values (25, 25);
insert into SUPPLIES (supplier_id, store_id) values (26, 26);
insert into SUPPLIES (supplier_id, store_id) values (27, 27);
insert into SUPPLIES (supplier_id, store_id) values (28, 28);
insert into SUPPLIES (supplier_id, store_id) values (29, 29);
insert into SUPPLIES (supplier_id, store_id) values (30, 30);
insert into SUPPLIES (supplier_id, store_id) values (31, 31);
insert into SUPPLIES (supplier_id, store_id) values (32, 32);
insert into SUPPLIES (supplier_id, store_id) values (33, 33);
insert into SUPPLIES (supplier_id, store_id) values (34, 34);
insert into SUPPLIES (supplier_id, store_id) values (35, 35);
insert into SUPPLIES (supplier_id, store_id) values (36, 36);
insert into SUPPLIES (supplier_id, store_id) values (37, 37);
insert into SUPPLIES (supplier_id, store_id) values (38, 38);
insert into SUPPLIES (supplier_id, store_id) values (39, 39);
insert into SUPPLIES (supplier_id, store_id) values (40, 40);
insert into SUPPLIES (supplier_id, store_id) values (41, 41);
insert into SUPPLIES (supplier_id, store_id) values (42, 42);
insert into SUPPLIES (supplier_id, store_id) values (43, 43);
insert into SUPPLIES (supplier_id, store_id) values (44, 44);
insert into SUPPLIES (supplier_id, store_id) values (45, 45);
insert into SUPPLIES (supplier_id, store_id) values (46, 46);
insert into SUPPLIES (supplier_id, store_id) values (47, 47);
insert into SUPPLIES (supplier_id, store_id) values (48, 48);
insert into SUPPLIES (supplier_id, store_id) values (49, 49);
insert into SUPPLIES (supplier_id, store_id) values (50, 50);
insert into SUPPLIES (supplier_id, store_id) values (51, 51);
insert into SUPPLIES (supplier_id, store_id) values (52, 52);
insert into SUPPLIES (supplier_id, store_id) values (53, 53);
insert into SUPPLIES (supplier_id, store_id) values (54, 54);
insert into SUPPLIES (supplier_id, store_id) values (55, 55);
insert into SUPPLIES (supplier_id, store_id) values (56, 56);
insert into SUPPLIES (supplier_id, store_id) values (57, 57);
insert into SUPPLIES (supplier_id, store_id) values (58, 58);
insert into SUPPLIES (supplier_id, store_id) values (59, 59);
insert into SUPPLIES (supplier_id, store_id) values (60, 60);
insert into SUPPLIES (supplier_id, store_id) values (61, 61);
insert into SUPPLIES (supplier_id, store_id) values (62, 62);
insert into SUPPLIES (supplier_id, store_id) values (63, 63);
insert into SUPPLIES (supplier_id, store_id) values (64, 64);
insert into SUPPLIES (supplier_id, store_id) values (65, 65);
insert into SUPPLIES (supplier_id, store_id) values (66, 66);
insert into SUPPLIES (supplier_id, store_id) values (67, 67);
insert into SUPPLIES (supplier_id, store_id) values (68, 68);
insert into SUPPLIES (supplier_id, store_id) values (69, 69);
insert into SUPPLIES (supplier_id, store_id) values (70, 70);
insert into SUPPLIES (supplier_id, store_id) values (71, 71);
insert into SUPPLIES (supplier_id, store_id) values (72, 72);
insert into SUPPLIES (supplier_id, store_id) values (73, 73);
insert into SUPPLIES (supplier_id, store_id) values (74, 74);
insert into SUPPLIES (supplier_id, store_id) values (75, 75);
insert into SUPPLIES (supplier_id, store_id) values (76, 76);
insert into SUPPLIES (supplier_id, store_id) values (77, 77);
insert into SUPPLIES (supplier_id, store_id) values (78, 78);
insert into SUPPLIES (supplier_id, store_id) values (79, 79);
insert into SUPPLIES (supplier_id, store_id) values (80, 80);
insert into SUPPLIES (supplier_id, store_id) values (81, 81);
insert into SUPPLIES (supplier_id, store_id) values (82, 82);
insert into SUPPLIES (supplier_id, store_id) values (83, 83);
insert into SUPPLIES (supplier_id, store_id) values (84, 84);
insert into SUPPLIES (supplier_id, store_id) values (85, 85);
insert into SUPPLIES (supplier_id, store_id) values (86, 86);
insert into SUPPLIES (supplier_id, store_id) values (87, 87);
insert into SUPPLIES (supplier_id, store_id) values (88, 88);
insert into SUPPLIES (supplier_id, store_id) values (89, 89);
insert into SUPPLIES (supplier_id, store_id) values (90, 90);
insert into SUPPLIES (supplier_id, store_id) values (91, 91);
insert into SUPPLIES (supplier_id, store_id) values (92, 92);
insert into SUPPLIES (supplier_id, store_id) values (93, 93);
insert into SUPPLIES (supplier_id, store_id) values (94, 94);
insert into SUPPLIES (supplier_id, store_id) values (95, 95);
insert into SUPPLIES (supplier_id, store_id) values (96, 96);
insert into SUPPLIES (supplier_id, store_id) values (97, 97);
insert into SUPPLIES (supplier_id, store_id) values (98, 98);
insert into SUPPLIES (supplier_id, store_id) values (99, 99);
insert into SUPPLIES (supplier_id, store_id) values (100, 100);



insert into EMPLOYEE (emp_id, name, ssn, phone, store_id) values (1, 'Amlie', '7681105318', '3069028594', 1);
insert into EMPLOYEE (emp_id, name, ssn, phone, store_id) values (2, 'Mlia', '7606246034', '3385644297', 2);
insert into EMPLOYEE (emp_id, name, ssn, phone, store_id) values (3, 'Jose', '2585306802', '9946761135', 3);
insert into EMPLOYEE (emp_id, name, ssn, phone, store_id) values (4, 'Danile', '6005981159', '2057304566', 4);
insert into EMPLOYEE (emp_id, name, ssn, phone, store_id) values (5, 'Judical', '7703029825', '7316882775', 5);
insert into EMPLOYEE (emp_id, name, ssn, phone, store_id) values (6, 'Michle', '6081428752', '9274385648', 6);
insert into EMPLOYEE (emp_id, name, ssn, phone, store_id) values (7, 'Hlna', '1857181472', '6512821145', 7);
insert into EMPLOYEE (emp_id, name, ssn, phone, store_id) values (8, 'sten', '9614103433', '2041997319', 8);
insert into EMPLOYEE (emp_id, name, ssn, phone, store_id) values (9, 'Andr', '2582868370', '1924635394', 9);
insert into EMPLOYEE (emp_id, name, ssn, phone, store_id) values (10, 'Magdalne', '9709039374', '9643755685', 10);
insert into EMPLOYEE (emp_id, name, ssn, phone, store_id) values (11, 'Gatane', '1055726511', '3201729729', 11);
insert into EMPLOYEE (emp_id, name, ssn, phone, store_id) values (12, 'Styrbjrn', '6594311835', '9919514517', 12);
insert into EMPLOYEE (emp_id, name, ssn, phone, store_id) values (13, 'Zh', '8108241169', '1713221167', 13);
insert into EMPLOYEE (emp_id, name, ssn, phone, store_id) values (14, 'Cline', '7342973068', '7522403415', 14);
insert into EMPLOYEE (emp_id, name, ssn, phone, store_id) values (15, 'Marylne', '2822317303', '1672508324', 15);
insert into EMPLOYEE (emp_id, name, ssn, phone, store_id) values (16, 'Marlne', '7193130213', '9045310482', 16);
insert into EMPLOYEE (emp_id, name, ssn, phone, store_id) values (17, 'Brengre', '4416507928', '5313942944', 17);
insert into EMPLOYEE (emp_id, name, ssn, phone, store_id) values (18, 'Sng', '4872491181', '8942166325', 18);
insert into EMPLOYEE (emp_id, name, ssn, phone, store_id) values (19, 'Galle', '6111231897', '8042732618', 19);
insert into EMPLOYEE (emp_id, name, ssn, phone, store_id) values (20, 'Magdalne', '3491954360', '4594412466', 20);
insert into EMPLOYEE (emp_id, name, ssn, phone, store_id) values (21, 'Malle', '6612989667', '3457342022', 21);
insert into EMPLOYEE (emp_id, name, ssn, phone, store_id) values (22, 'Dorothe', '6888196697', '1192823529', 22);
insert into EMPLOYEE (emp_id, name, ssn, phone, store_id) values (23, 'Simplifis', '3809137596', '3074724351', 23);
insert into EMPLOYEE (emp_id, name, ssn, phone, store_id) values (24, 'Sng', '1409826383', '3589600121', 24);
insert into EMPLOYEE (emp_id, name, ssn, phone, store_id) values (25, 'Y', '8504497205', '9223582054', 25);
insert into EMPLOYEE (emp_id, name, ssn, phone, store_id) values (26, 'Desire', '2605812004', '9818158524', 26);
insert into EMPLOYEE (emp_id, name, ssn, phone, store_id) values (27, 'Aime', '1391918630', '3252129745', 27);
insert into EMPLOYEE (emp_id, name, ssn, phone, store_id) values (28, 'Nolla', '2246033178', '3562157406', 28);
insert into EMPLOYEE (emp_id, name, ssn, phone, store_id) values (29, 'A', '7823036172', '7691644252', 29);
insert into EMPLOYEE (emp_id, name, ssn, phone, store_id) values (30, 'Camlia', '2245309377', '5778658597', 30);
insert into EMPLOYEE (emp_id, name, ssn, phone, store_id) values (31, 'Mng', '2062570719', '3476652724', 31);
insert into EMPLOYEE (emp_id, name, ssn, phone, store_id) values (32, 'Malys', '8345482060', '5833174965', 32);
insert into EMPLOYEE (emp_id, name, ssn, phone, store_id) values (33, 'Marie-franoise', '6581455303', '7314175904', 33);
insert into EMPLOYEE (emp_id, name, ssn, phone, store_id) values (34, 'Thrsa', '6571041089', '6332447426', 34);
insert into EMPLOYEE (emp_id, name, ssn, phone, store_id) values (35, 'P', '6495078560', '8018762452', 35);
insert into EMPLOYEE (emp_id, name, ssn, phone, store_id) values (36, 'P', '2579361583', '8498495053', 36);
insert into EMPLOYEE (emp_id, name, ssn, phone, store_id) values (37, 'Elis', '1106015881', '6881499068', 37);
insert into EMPLOYEE (emp_id, name, ssn, phone, store_id) values (38, 'Adle', '1133746253', '8384010524', 38);
insert into EMPLOYEE (emp_id, name, ssn, phone, store_id) values (39, 'Maline', '1003516192', '1716918032', 39);
insert into EMPLOYEE (emp_id, name, ssn, phone, store_id) values (40, 'Loc', '1903644916', '8138795772', 40);
insert into EMPLOYEE (emp_id, name, ssn, phone, store_id) values (41, 'Y', '9259518705', '4378456848', 41);
insert into EMPLOYEE (emp_id, name, ssn, phone, store_id) values (42, 'Mrten', '4783817637', '3801186328', 42);
insert into EMPLOYEE (emp_id, name, ssn, phone, store_id) values (43, 'Mylne', '5463237583', '2939189797', 43);
insert into EMPLOYEE (emp_id, name, ssn, phone, store_id) values (44, 'Desire', '2545250006', '7715996641', 44);
insert into EMPLOYEE (emp_id, name, ssn, phone, store_id) values (45, 'La', '8638478426', '4489253808', 45);
insert into EMPLOYEE (emp_id, name, ssn, phone, store_id) values (46, 'K', '8042298271', '1063496587', 46);
insert into EMPLOYEE (emp_id, name, ssn, phone, store_id) values (47, 'Elose', '8218577379', '6369105777', 47);
insert into EMPLOYEE (emp_id, name, ssn, phone, store_id) values (48, 'Genevive', '9384584366', '2729063292', 48);
insert into EMPLOYEE (emp_id, name, ssn, phone, store_id) values (49, 'Brnice', '6876875349', '7351843114', 49);
insert into EMPLOYEE (emp_id, name, ssn, phone, store_id) values (50, 'Bjrn', '2346935252', '3813288875', 50);
insert into EMPLOYEE (emp_id, name, ssn, phone, store_id) values (51, 'Flicie', '7813269825', '7753065958', 51);
insert into EMPLOYEE (emp_id, name, ssn, phone, store_id) values (52, 'Mawenn', '2303031074', '6121936638', 52);
insert into EMPLOYEE (emp_id, name, ssn, phone, store_id) values (53, 'Yo', '2402299424', '8837203239', 53);
insert into EMPLOYEE (emp_id, name, ssn, phone, store_id) values (54, 'Batrice', '4734073562', '2839543639', 54);
insert into EMPLOYEE (emp_id, name, ssn, phone, store_id) values (55, 'Los', '5196281315', '1693036821', 55);
insert into EMPLOYEE (emp_id, name, ssn, phone, store_id) values (56, 'Rjane', '6505872219', '4861974685', 56);
insert into EMPLOYEE (emp_id, name, ssn, phone, store_id) values (57, 'Este', '3017014521', '5138948700', 57);
insert into EMPLOYEE (emp_id, name, ssn, phone, store_id) values (58, 'Mrta', '5556927409', '9086648489', 58);
insert into EMPLOYEE (emp_id, name, ssn, phone, store_id) values (59, 'Clmentine', '9713062750', '5943624915', 59);
insert into EMPLOYEE (emp_id, name, ssn, phone, store_id) values (60, 'Agns', '8988633803', '4797271815', 60);
insert into EMPLOYEE (emp_id, name, ssn, phone, store_id) values (61, 'Mlanie', '8164582464', '8358221080', 61);
insert into EMPLOYEE (emp_id, name, ssn, phone, store_id) values (62, 'Este', '3791252630', '8378118436', 62);
insert into EMPLOYEE (emp_id, name, ssn, phone, store_id) values (63, 'Erwi', '8596424371', '3562800861', 63);
insert into EMPLOYEE (emp_id, name, ssn, phone, store_id) values (64, 'Gatane', '9657521612', '2579753829', 64);
insert into EMPLOYEE (emp_id, name, ssn, phone, store_id) values (65, 'Malys', '8656117370', '2612371913', 65);
insert into EMPLOYEE (emp_id, name, ssn, phone, store_id) values (66, 'Sng', '7534136002', '6948470240', 66);
insert into EMPLOYEE (emp_id, name, ssn, phone, store_id) values (67, 'Yu', '9259756894', '8207138856', 67);
insert into EMPLOYEE (emp_id, name, ssn, phone, store_id) values (68, 'Lala', '3274858217', '3436596660', 68);
insert into EMPLOYEE (emp_id, name, ssn, phone, store_id) values (69, 'Judical', '1186844583', '9149755583', 69);
insert into EMPLOYEE (emp_id, name, ssn, phone, store_id) values (70, 'Edme', '3866058498', '3585031802', 70);
insert into EMPLOYEE (emp_id, name, ssn, phone, store_id) values (71, 'Anas', '8322322837', '7924621890', 71);
insert into EMPLOYEE (emp_id, name, ssn, phone, store_id) values (72, 'M', '3767705370', '9369302992', 72);
insert into EMPLOYEE (emp_id, name, ssn, phone, store_id) values (73, 'Brangre', '5791881015', '4862045620', 73);
insert into EMPLOYEE (emp_id, name, ssn, phone, store_id) values (74, 'Rbecca', '6251903272', '3023169518', 74);
insert into EMPLOYEE (emp_id, name, ssn, phone, store_id) values (75, 'Malys', '1721083847', '5972046235', 75);
insert into EMPLOYEE (emp_id, name, ssn, phone, store_id) values (76, 'Mahlie', '9103513718', '3147296668', 76);
insert into EMPLOYEE (emp_id, name, ssn, phone, store_id) values (77, 'Clestine', '1407987807', '3102448916', 77);
insert into EMPLOYEE (emp_id, name, ssn, phone, store_id) values (78, 'slg', '5883118897', '2505538820', 78);
insert into EMPLOYEE (emp_id, name, ssn, phone, store_id) values (79, 'Marie-jose', '3928887652', '9904062221', 79);
insert into EMPLOYEE (emp_id, name, ssn, phone, store_id) values (80, 'Mlys', '7301008614', '1051666161', 80);
insert into EMPLOYEE (emp_id, name, ssn, phone, store_id) values (81, 'Laurlie', '6472077740', '9634756687', 81);
insert into EMPLOYEE (emp_id, name, ssn, phone, store_id) values (82, 'Nhmie', '8078045058', '4762227581', 82);
insert into EMPLOYEE (emp_id, name, ssn, phone, store_id) values (83, 'Ru', '8149802529', '9445073748', 83);
insert into EMPLOYEE (emp_id, name, ssn, phone, store_id) values (84, 'Malla', '4138095251', '2082917590', 84);
insert into EMPLOYEE (emp_id, name, ssn, phone, store_id) values (85, 'Vrane', '2328348097', '3906336029', 85);
insert into EMPLOYEE (emp_id, name, ssn, phone, store_id) values (86, 'J', '5147494436', '3528455471', 86);
insert into EMPLOYEE (emp_id, name, ssn, phone, store_id) values (87, 'Grel', '1066349435', '3949789432', 87);
insert into EMPLOYEE (emp_id, name, ssn, phone, store_id) values (88, 'Franoise', '6038629308', '7996538204', 88);
insert into EMPLOYEE (emp_id, name, ssn, phone, store_id) values (89, 'Vronique', '4859711946', '5581970138', 89);
insert into EMPLOYEE (emp_id, name, ssn, phone, store_id) values (90, 'Edme', '6192148901', '1247882395', 90);
insert into EMPLOYEE (emp_id, name, ssn, phone, store_id) values (91, 'Cungonde', '6656260413', '5851225022', 91);
insert into EMPLOYEE (emp_id, name, ssn, phone, store_id) values (92, 'Mylne', '6743175240', '3257947461', 92);
insert into EMPLOYEE (emp_id, name, ssn, phone, store_id) values (93, 'Brengre', '4618900316', '9951981115', 93);
insert into EMPLOYEE (emp_id, name, ssn, phone, store_id) values (94, 'Mdiamass', '7172596087', '6025913236', 94);
insert into EMPLOYEE (emp_id, name, ssn, phone, store_id) values (95, 'Thrsa', '6936210006', '4237610218', 95);
insert into EMPLOYEE (emp_id, name, ssn, phone, store_id) values (96, 'Rjane', '5354187363', '1007510369', 96);
insert into EMPLOYEE (emp_id, name, ssn, phone, store_id) values (97, 'ke', '1597828169', '5234525300', 97);
insert into EMPLOYEE (emp_id, name, ssn, phone, store_id) values (98, 'Gaa', '1464802444', '2954549248', 98);
insert into EMPLOYEE (emp_id, name, ssn, phone, store_id) values (99, 'Mawenn', '2513213053', '3121329569', 99);
insert into EMPLOYEE (emp_id, name, ssn, phone, store_id) values (100, 'Ku', '2581725436', '3682288022', 100);




insert into DEPENDENT (emp_id, date_joined, email, address, date_birth, name) values (1, '2021-03-21', 'edouthwaite0@irs.gov', '88851 Declaration Court', '2003-02-03', 'Clestine');
insert into DEPENDENT (emp_id, date_joined, email, address, date_birth, name) values (2, '2021-06-13', 'ngaffon1@usgs.gov', '24 Knutson Lane', '1916-02-22', 'Marie-ve');
insert into DEPENDENT (emp_id, date_joined, email, address, date_birth, name) values (3, '2020-12-25', 'apays2@discovery.com', '042 American Terrace', '1938-03-18', 'Gatane');
insert into DEPENDENT (emp_id, date_joined, email, address, date_birth, name) values (4, '2021-05-08', 'awandrey3@ameblo.jp', '2 Novick Road', '1948-05-29', 'Maline');
insert into DEPENDENT (emp_id, date_joined, email, address, date_birth, name) values (5, '2021-08-22', 'tpanswick4@google.co.uk', '7 Straubel Circle', '1957-08-29', 'Kvina');
insert into DEPENDENT (emp_id, date_joined, email, address, date_birth, name) values (6, '2021-02-23', 'blys5@loc.gov', '1 Reinke Way', '1998-01-22', 'Salom');
insert into DEPENDENT (emp_id, date_joined, email, address, date_birth, name) values (7, '2021-05-27', 'doldis6@so-net.ne.jp', '71 Kennedy Junction', '1904-01-18', 'W');
insert into DEPENDENT (emp_id, date_joined, email, address, date_birth, name) values (8, '2021-09-16', 'gscraggs7@oakley.com', '1 Upham Lane', '1901-07-17', 'Lonie');
insert into DEPENDENT (emp_id, date_joined, email, address, date_birth, name) values (9, '2020-12-07', 'bbeller8@va.gov', '0 Morningstar Pass', '1905-06-17', 'Marlne');
insert into DEPENDENT (emp_id, date_joined, email, address, date_birth, name) values (10, '2020-11-02', 'opopelay9@cnet.com', '3 Sundown Avenue', '1997-05-17', 'Mryl');
insert into DEPENDENT (emp_id, date_joined, email, address, date_birth, name) values (11, '2021-02-02', 'gcassimera@google.ru', '9 Sommers Point', '1911-05-13', 'Hlna');
insert into DEPENDENT (emp_id, date_joined, email, address, date_birth, name) values (12, '2021-09-24', 'arahlb@pagesperso-orange.fr', '5 Village Green Terrace', '2019-05-12', 'Maly');
insert into DEPENDENT (emp_id, date_joined, email, address, date_birth, name) values (13, '2021-08-12', 'rworlandc@un.org', '9 Truax Parkway', '1989-08-26', 'Lala');
insert into DEPENDENT (emp_id, date_joined, email, address, date_birth, name) values (14, '2021-04-09', 'abeadelld@arizona.edu', '336 Independence Parkway', '1956-12-01', 'Andra');
insert into DEPENDENT (emp_id, date_joined, email, address, date_birth, name) values (15, '2020-10-28', 'kredmaine@about.com', '10765 Sauthoff Trail', '1959-09-26', 'Mylne');
insert into DEPENDENT (emp_id, date_joined, email, address, date_birth, name) values (16, '2021-09-13', 'bgarvaghf@answers.com', '65487 Weeping Birch Circle', '1965-07-21', 'Adle');
insert into DEPENDENT (emp_id, date_joined, email, address, date_birth, name) values (17, '2021-08-05', 'pnorthgravesg@reverbnation.com', '55791 Hooker Crossing', '2019-11-21', 'Rgine');
insert into DEPENDENT (emp_id, date_joined, email, address, date_birth, name) values (18, '2021-02-19', 'hcinellih@craigslist.org', '26454 Loeprich Place', '2018-12-10', 'Mghane');
insert into DEPENDENT (emp_id, date_joined, email, address, date_birth, name) values (19, '2020-11-09', 'cvliesi@privacy.gov.au', '801 Glacier Hill Road', '1957-09-24', 'Brengre');
insert into DEPENDENT (emp_id, date_joined, email, address, date_birth, name) values (20, '2021-07-02', 'cdaymondj@globo.com', '2286 Blaine Circle', '1990-10-09', 'Rene');
insert into DEPENDENT (emp_id, date_joined, email, address, date_birth, name) values (21, '2021-07-04', 'fkachellerk@arstechnica.com', '155 Old Gate Drive', '1932-03-22', 'Ocane');
insert into DEPENDENT (emp_id, date_joined, email, address, date_birth, name) values (22, '2021-06-23', 'ptomaszczykl@pen.io', '492 Lyons Drive', '1928-01-30', 'Lucrce');
insert into DEPENDENT (emp_id, date_joined, email, address, date_birth, name) values (23, '2021-07-02', 'mespinozam@163.com', '1 Miller Circle', '1951-05-26', 'Lonore');
insert into DEPENDENT (emp_id, date_joined, email, address, date_birth, name) values (24, '2020-11-27', 'qfraniakn@ted.com', '729 Mcguire Point', '1955-09-26', 'Malle');
insert into DEPENDENT (emp_id, date_joined, email, address, date_birth, name) values (25, '2021-08-28', 'glivicko@ihg.com', '33 Claremont Lane', '2011-05-02', 'Nu');
insert into DEPENDENT (emp_id, date_joined, email, address, date_birth, name) values (26, '2021-06-30', 'shaisellp@skyrock.com', '57735 Little Fleur Parkway', '1903-10-27', 'Athna');
insert into DEPENDENT (emp_id, date_joined, email, address, date_birth, name) values (27, '2021-02-02', 'nmcwilliamsq@seattletimes.com', '511 Luster Parkway', '1993-11-21', 'Brengre');
insert into DEPENDENT (emp_id, date_joined, email, address, date_birth, name) values (28, '2021-05-27', 'lhalleder@gizmodo.com', '91360 Summerview Court', '1958-10-07', 'Annote');
insert into DEPENDENT (emp_id, date_joined, email, address, date_birth, name) values (29, '2020-12-06', 'ahansards@google.com.br', '936 Starling Drive', '1958-07-23', 'Audranne');
insert into DEPENDENT (emp_id, date_joined, email, address, date_birth, name) values (30, '2020-12-29', 'aelcottt@newsvine.com', '3670 Walton Pass', '1921-11-15', 'Vronique');
insert into DEPENDENT (emp_id, date_joined, email, address, date_birth, name) values (31, '2021-04-23', 'bolenikovu@theatlantic.com', '11389 Garrison Place', '1997-05-05', 'Mng');
insert into DEPENDENT (emp_id, date_joined, email, address, date_birth, name) values (32, '2020-11-16', 'kcruessv@java.com', '35 Mesta Hill', '1924-12-10', 'Camlia');
insert into DEPENDENT (emp_id, date_joined, email, address, date_birth, name) values (33, '2021-03-14', 'cdrancew@trellian.com', '46 Mallard Pass', '1920-03-09', 'Solne');
insert into DEPENDENT (emp_id, date_joined, email, address, date_birth, name) values (34, '2021-06-21', 'galveyx@nba.com', '231 Stoughton Junction', '1964-01-07', 'Pl');
insert into DEPENDENT (emp_id, date_joined, email, address, date_birth, name) values (35, '2021-04-10', 'gmilney@huffingtonpost.com', '24 Huxley Way', '2012-03-17', 'Desire');
insert into DEPENDENT (emp_id, date_joined, email, address, date_birth, name) values (36, '2021-08-14', 'edurdyz@naver.com', '1352 Laurel Center', '1981-02-24', 'Clmence');
insert into DEPENDENT (emp_id, date_joined, email, address, date_birth, name) values (37, '2021-10-08', 'kbunford10@gizmodo.com', '485 Truax Pass', '1947-04-20', 'Gran');
insert into DEPENDENT (emp_id, date_joined, email, address, date_birth, name) values (38, '2021-02-09', 'kmacenzy11@1688.com', '30 Dovetail Road', '1927-08-20', 'Mns');
insert into DEPENDENT (emp_id, date_joined, email, address, date_birth, name) values (39, '2021-03-02', 'bpaige12@g.co', '50962 Sage Terrace', '1946-03-28', 'Sng');
insert into DEPENDENT (emp_id, date_joined, email, address, date_birth, name) values (40, '2020-12-31', 'npavia13@nih.gov', '47575 Novick Center', '1909-04-14', 'Athna');
insert into DEPENDENT (emp_id, date_joined, email, address, date_birth, name) values (41, '2021-07-04', 'cdonneely14@adobe.com', '76 Paget Trail', '2012-11-20', 'Franoise');
insert into DEPENDENT (emp_id, date_joined, email, address, date_birth, name) values (42, '2020-12-11', 'gdanilovic15@indiatimes.com', '7393 Hanover Court', '1955-07-07', 'Rjane');
insert into DEPENDENT (emp_id, date_joined, email, address, date_birth, name) values (43, '2021-04-02', 'rspatari16@nationalgeographic.com', '8515 Rowland Terrace', '1990-05-17', 'Los');
insert into DEPENDENT (emp_id, date_joined, email, address, date_birth, name) values (44, '2021-03-13', 'spfleger17@delicious.com', '2 Sugar Trail', '2003-11-29', 'Los');
insert into DEPENDENT (emp_id, date_joined, email, address, date_birth, name) values (45, '2021-07-07', 'swoolmington18@twitpic.com', '5 Mcbride Center', '1974-07-15', 'Ins');
insert into DEPENDENT (emp_id, date_joined, email, address, date_birth, name) values (46, '2021-08-25', 'tabilowitz19@wisc.edu', '972 Fuller Drive', '1963-05-23', 'Gaa');
insert into DEPENDENT (emp_id, date_joined, email, address, date_birth, name) values (47, '2021-02-24', 'pbundey1a@cargocollective.com', '6594 Algoma Point', '1931-10-21', 'ke');
insert into DEPENDENT (emp_id, date_joined, email, address, date_birth, name) values (48, '2020-12-28', 'rkingsley1b@studiopress.com', '5957 Cardinal Alley', '2009-01-17', 'Mlys');
insert into DEPENDENT (emp_id, date_joined, email, address, date_birth, name) values (49, '2021-07-29', 'mspadari1c@moonfruit.com', '17 Hermina Point', '1982-01-05', 'Styrbjrn');
insert into DEPENDENT (emp_id, date_joined, email, address, date_birth, name) values (50, '2021-05-07', 'kkezourec1d@state.gov', '2 Becker Hill', '1920-10-21', 'Ins');
insert into DEPENDENT (emp_id, date_joined, email, address, date_birth, name) values (51, '2021-08-25', 'clombard1e@purevolume.com', '78 Waubesa Point', '1917-05-18', 'sa');
insert into DEPENDENT (emp_id, date_joined, email, address, date_birth, name) values (52, '2021-09-30', 'edracey1f@blog.com', '44109 Manitowish Street', '1917-02-11', 'Mlia');
insert into DEPENDENT (emp_id, date_joined, email, address, date_birth, name) values (53, '2021-05-26', 'ggleadhell1g@google.ca', '255 Autumn Leaf Center', '1969-11-05', 'Vronique');
insert into DEPENDENT (emp_id, date_joined, email, address, date_birth, name) values (54, '2021-05-24', 'gfearfull1h@angelfire.com', '01530 Kings Crossing', '1928-12-30', 'Ru');
insert into DEPENDENT (emp_id, date_joined, email, address, date_birth, name) values (55, '2021-06-23', 'cphilippart1i@artisteer.com', '51 Crescent Oaks Park', '1913-06-22', 'Y');
insert into DEPENDENT (emp_id, date_joined, email, address, date_birth, name) values (56, '2021-03-04', 'rhudleston1j@yolasite.com', '04138 Buena Vista Junction', '2015-11-16', 'Solne');
insert into DEPENDENT (emp_id, date_joined, email, address, date_birth, name) values (57, '2020-10-10', 'cshayes1k@umich.edu', '8 Schlimgen Road', '2021-02-13', 'Rbecca');
insert into DEPENDENT (emp_id, date_joined, email, address, date_birth, name) values (58, '2021-02-20', 'ntellenbrook1l@ebay.com', '5535 Ruskin Center', '1995-03-24', 'Audranne');
insert into DEPENDENT (emp_id, date_joined, email, address, date_birth, name) values (59, '2021-09-19', 'pjollie1m@comcast.net', '08674 Sauthoff Trail', '1970-04-07', 'Lonie');
insert into DEPENDENT (emp_id, date_joined, email, address, date_birth, name) values (60, '2021-02-09', 'lmichelotti1n@smh.com.au', '77 Talmadge Crossing', '1940-06-07', 'Adlade');
insert into DEPENDENT (emp_id, date_joined, email, address, date_birth, name) values (61, '2021-02-20', 'aconre1o@artisteer.com', '4 Bartelt Place', '1977-03-02', 'Frdrique');
insert into DEPENDENT (emp_id, date_joined, email, address, date_birth, name) values (62, '2021-01-06', 'smatissoff1p@archive.org', '487 Emmet Drive', '1969-07-09', 'Mlina');
insert into DEPENDENT (emp_id, date_joined, email, address, date_birth, name) values (63, '2021-02-10', 'cballinghall1q@behance.net', '58 Crest Line Junction', '1948-03-06', 'K');
insert into DEPENDENT (emp_id, date_joined, email, address, date_birth, name) values (64, '2021-06-24', 'csolano1r@cnn.com', '47 Susan Alley', '2020-06-22', 'Frdrique');
insert into DEPENDENT (emp_id, date_joined, email, address, date_birth, name) values (65, '2021-01-18', 'ffullick1s@paypal.com', '567 Independence Way', '1972-08-03', 'Vronique');
insert into DEPENDENT (emp_id, date_joined, email, address, date_birth, name) values (66, '2020-10-30', 'pameerbeg1t@deviantart.com', '77962 Meadow Ridge Drive', '1995-11-11', 'Ana');
insert into DEPENDENT (emp_id, date_joined, email, address, date_birth, name) values (67, '2021-07-30', 'khext1u@wordpress.com', '3 Washington Point', '1943-11-21', 'T');
insert into DEPENDENT (emp_id, date_joined, email, address, date_birth, name) values (68, '2021-03-16', 'astockle1v@scientificamerican.com', '44281 Dawn Court', '1908-06-27', 'Malys');
insert into DEPENDENT (emp_id, date_joined, email, address, date_birth, name) values (69, '2021-01-27', 'tfaltin1w@nyu.edu', '0430 Caliangt Parkway', '1946-12-13', 'Batrice');
insert into DEPENDENT (emp_id, date_joined, email, address, date_birth, name) values (70, '2021-09-11', 'afreathy1x@posterous.com', '689 Hoepker Alley', '1912-04-07', 'Publicit');
insert into DEPENDENT (emp_id, date_joined, email, address, date_birth, name) values (71, '2021-08-08', 'hfeehery1y@clickbank.net', '91062 Macpherson Circle', '1902-08-02', 'Galle');
insert into DEPENDENT (emp_id, date_joined, email, address, date_birth, name) values (72, '2020-11-28', 'mcurneen1z@china.com.cn', '69403 Division Drive', '1940-10-22', 'Illustre');
insert into DEPENDENT (emp_id, date_joined, email, address, date_birth, name) values (73, '2021-07-17', 'dlashmar20@feedburner.com', '9073 Miller Crossing', '1965-12-03', 'Clopatre');
insert into DEPENDENT (emp_id, date_joined, email, address, date_birth, name) values (74, '2021-03-16', 'msollars21@ucsd.edu', '83235 Commercial Center', '1994-12-08', 'Nlie');
insert into DEPENDENT (emp_id, date_joined, email, address, date_birth, name) values (75, '2021-08-18', 'jcartwight22@amazon.de', '62 Anthes Point', '2008-10-27', 'Josphine');
insert into DEPENDENT (emp_id, date_joined, email, address, date_birth, name) values (76, '2021-07-24', 'cmouat23@cloudflare.com', '80 Washington Way', '1925-08-15', 'Publicit');
insert into DEPENDENT (emp_id, date_joined, email, address, date_birth, name) values (77, '2021-01-08', 'nhuskinson24@ihg.com', '160 Bunker Hill Point', '1991-03-24', 'Kvina');
insert into DEPENDENT (emp_id, date_joined, email, address, date_birth, name) values (78, '2021-07-22', 'stouret25@usatoday.com', '55404 Melrose Terrace', '2018-06-04', 'Malyss');
insert into DEPENDENT (emp_id, date_joined, email, address, date_birth, name) values (79, '2020-12-01', 'hkadar26@digg.com', '139 Stuart Plaza', '1965-02-01', 'Lala');
insert into DEPENDENT (emp_id, date_joined, email, address, date_birth, name) values (80, '2020-11-02', 'bmcarthur27@noaa.gov', '10 Becker Trail', '1988-06-22', 'Y');
insert into DEPENDENT (emp_id, date_joined, email, address, date_birth, name) values (81, '2020-11-12', 'rglanister28@myspace.com', '9305 Lien Trail', '1985-09-23', 'Mghane');
insert into DEPENDENT (emp_id, date_joined, email, address, date_birth, name) values (82, '2021-01-27', 'hromi29@parallels.com', '4178 Longview Alley', '2021-01-30', 'Alos');
insert into DEPENDENT (emp_id, date_joined, email, address, date_birth, name) values (83, '2021-03-11', 'cknapper2a@uiuc.edu', '849 Warrior Street', '1928-08-20', 'Gran');
insert into DEPENDENT (emp_id, date_joined, email, address, date_birth, name) values (84, '2021-06-15', 'kbaress2b@psu.edu', '777 Hollow Ridge Point', '1928-08-02', 'Estve');
insert into DEPENDENT (emp_id, date_joined, email, address, date_birth, name) values (85, '2020-10-15', 'mbeardsdale2c@furl.net', '3 Paget Junction', '1957-10-16', 'Marylne');
insert into DEPENDENT (emp_id, date_joined, email, address, date_birth, name) values (86, '2020-12-25', 'mstreat2d@canalblog.com', '9 Glacier Hill Way', '2011-03-30', 'Crz');
insert into DEPENDENT (emp_id, date_joined, email, address, date_birth, name) values (87, '2021-06-18', 'dreasce2e@skype.com', '50164 Esker Hill', '2010-12-05', 'Ma');
insert into DEPENDENT (emp_id, date_joined, email, address, date_birth, name) values (88, '2021-08-31', 'emussard2f@infoseek.co.jp', '25676 Fieldstone Avenue', '1958-05-13', 'Malys');
insert into DEPENDENT (emp_id, date_joined, email, address, date_birth, name) values (89, '2021-05-02', 'tcrudge2g@marketwatch.com', '05 Kingsford Junction', '1907-02-13', 'Li');
insert into DEPENDENT (emp_id, date_joined, email, address, date_birth, name) values (90, '2021-02-10', 'sferriere2h@tinyurl.com', '5 Bowman Lane', '1904-09-11', 'Ela');
insert into DEPENDENT (emp_id, date_joined, email, address, date_birth, name) values (91, '2021-10-06', 'rcornbell2i@infoseek.co.jp', '15244 Springview Circle', '1911-05-18', 'Estve');
insert into DEPENDENT (emp_id, date_joined, email, address, date_birth, name) values (92, '2021-07-26', 'xmunkley2j@usatoday.com', '4 Londonderry Place', '1975-07-14', 'Malla');
insert into DEPENDENT (emp_id, date_joined, email, address, date_birth, name) values (93, '2021-03-08', 'ecurtiss2k@globo.com', '575 Nancy Parkway', '1912-02-01', 'Flicie');
insert into DEPENDENT (emp_id, date_joined, email, address, date_birth, name) values (94, '2021-09-04', 'emessager2l@netvibes.com', '4 Utah Junction', '1908-04-21', 'Malys');
insert into DEPENDENT (emp_id, date_joined, email, address, date_birth, name) values (95, '2021-05-05', 'amercey2m@sina.com.cn', '56681 Green Alley', '1918-04-16', 'Cungonde');
insert into DEPENDENT (emp_id, date_joined, email, address, date_birth, name) values (96, '2021-04-26', 'hingley2n@jalbum.net', '31 Scott Terrace', '1964-12-20', 'Hlna');
insert into DEPENDENT (emp_id, date_joined, email, address, date_birth, name) values (97, '2021-04-07', 'gchesterman2o@unesco.org', '72 Superior Court', '1980-10-09', 'Aime');
insert into DEPENDENT (emp_id, date_joined, email, address, date_birth, name) values (98, '2021-05-26', 'bmathon2p@example.com', '04 Del Mar Junction', '1973-07-31', 'Adle');
insert into DEPENDENT (emp_id, date_joined, email, address, date_birth, name) values (99, '2021-03-09', 'vprewer2q@miibeian.gov.cn', '1849 Rieder Plaza', '1946-11-15', 'Desire');
insert into DEPENDENT (emp_id, date_joined, email, address, date_birth, name) values (100, '2021-04-02', 'jthickins2r@github.io', '59898 Loomis Court', '1964-10-20', 'Lana');



insert into CANCELLATION (cancellation_id, item_id, price, total) values (1, 1, 627, 208);
insert into CANCELLATION (cancellation_id, item_id, price, total) values (2, 2, 745, 34);
insert into CANCELLATION (cancellation_id, item_id, price, total) values (3, 3, 867, 637);
insert into CANCELLATION (cancellation_id, item_id, price, total) values (4, 4, 954, 765);
insert into CANCELLATION (cancellation_id, item_id, price, total) values (5, 5, 546, 610);
insert into CANCELLATION (cancellation_id, item_id, price, total) values (6, 6, 538, 705);
insert into CANCELLATION (cancellation_id, item_id, price, total) values (7, 7, 886, 450);
insert into CANCELLATION (cancellation_id, item_id, price, total) values (8, 8, 28, 143);
insert into CANCELLATION (cancellation_id, item_id, price, total) values (9, 9, 123, 382);
insert into CANCELLATION (cancellation_id, item_id, price, total) values (10, 10, 177, 546);
insert into CANCELLATION (cancellation_id, item_id, price, total) values (11, 11, 388, 750);
insert into CANCELLATION (cancellation_id, item_id, price, total) values (12, 12, 617, 826);
insert into CANCELLATION (cancellation_id, item_id, price, total) values (13, 13, 898, 812);
insert into CANCELLATION (cancellation_id, item_id, price, total) values (14, 14, 483, 966);
insert into CANCELLATION (cancellation_id, item_id, price, total) values (15, 15, 747, 334);
insert into CANCELLATION (cancellation_id, item_id, price, total) values (16, 16, 198, 103);
insert into CANCELLATION (cancellation_id, item_id, price, total) values (17, 17, 771, 387);
insert into CANCELLATION (cancellation_id, item_id, price, total) values (18, 18, 222, 199);
insert into CANCELLATION (cancellation_id, item_id, price, total) values (19, 19, 325, 976);
insert into CANCELLATION (cancellation_id, item_id, price, total) values (20, 20, 32, 60);
insert into CANCELLATION (cancellation_id, item_id, price, total) values (21, 21, 754, 455);
insert into CANCELLATION (cancellation_id, item_id, price, total) values (22, 22, 946, 870);
insert into CANCELLATION (cancellation_id, item_id, price, total) values (23, 23, 338, 482);
insert into CANCELLATION (cancellation_id, item_id, price, total) values (24, 24, 259, 502);
insert into CANCELLATION (cancellation_id, item_id, price, total) values (25, 25, 264, 608);
insert into CANCELLATION (cancellation_id, item_id, price, total) values (26, 26, 800, 34);
insert into CANCELLATION (cancellation_id, item_id, price, total) values (27, 27, 715, 129);
insert into CANCELLATION (cancellation_id, item_id, price, total) values (28, 28, 899, 640);
insert into CANCELLATION (cancellation_id, item_id, price, total) values (29, 29, 41, 142);
insert into CANCELLATION (cancellation_id, item_id, price, total) values (30, 30, 358, 920);
insert into CANCELLATION (cancellation_id, item_id, price, total) values (31, 31, 616, 423);
insert into CANCELLATION (cancellation_id, item_id, price, total) values (32, 32, 956, 165);
insert into CANCELLATION (cancellation_id, item_id, price, total) values (33, 33, 990, 617);
insert into CANCELLATION (cancellation_id, item_id, price, total) values (34, 34, 972, 424);
insert into CANCELLATION (cancellation_id, item_id, price, total) values (35, 35, 235, 590);
insert into CANCELLATION (cancellation_id, item_id, price, total) values (36, 36, 26, 754);
insert into CANCELLATION (cancellation_id, item_id, price, total) values (37, 37, 952, 869);
insert into CANCELLATION (cancellation_id, item_id, price, total) values (38, 38, 364, 609);
insert into CANCELLATION (cancellation_id, item_id, price, total) values (39, 39, 674, 882);
insert into CANCELLATION (cancellation_id, item_id, price, total) values (40, 40, 443, 297);
insert into CANCELLATION (cancellation_id, item_id, price, total) values (41, 41, 679, 931);
insert into CANCELLATION (cancellation_id, item_id, price, total) values (42, 42, 449, 780);
insert into CANCELLATION (cancellation_id, item_id, price, total) values (43, 43, 691, 197);
insert into CANCELLATION (cancellation_id, item_id, price, total) values (44, 44, 690, 855);
insert into CANCELLATION (cancellation_id, item_id, price, total) values (45, 45, 104, 928);
insert into CANCELLATION (cancellation_id, item_id, price, total) values (46, 46, 112, 373);
insert into CANCELLATION (cancellation_id, item_id, price, total) values (47, 47, 347, 387);
insert into CANCELLATION (cancellation_id, item_id, price, total) values (48, 48, 179, 476);
insert into CANCELLATION (cancellation_id, item_id, price, total) values (49, 49, 596, 546);
insert into CANCELLATION (cancellation_id, item_id, price, total) values (50, 50, 759, 861);
insert into CANCELLATION (cancellation_id, item_id, price, total) values (51, 51, 862, 469);
insert into CANCELLATION (cancellation_id, item_id, price, total) values (52, 52, 937, 394);
insert into CANCELLATION (cancellation_id, item_id, price, total) values (53, 53, 569, 848);
insert into CANCELLATION (cancellation_id, item_id, price, total) values (54, 54, 643, 216);
insert into CANCELLATION (cancellation_id, item_id, price, total) values (55, 55, 383, 810);
insert into CANCELLATION (cancellation_id, item_id, price, total) values (56, 56, 304, 477);
insert into CANCELLATION (cancellation_id, item_id, price, total) values (57, 57, 266, 704);
insert into CANCELLATION (cancellation_id, item_id, price, total) values (58, 58, 164, 675);
insert into CANCELLATION (cancellation_id, item_id, price, total) values (59, 59, 66, 213);
insert into CANCELLATION (cancellation_id, item_id, price, total) values (60, 60, 301, 208);
insert into CANCELLATION (cancellation_id, item_id, price, total) values (61, 61, 519, 232);
insert into CANCELLATION (cancellation_id, item_id, price, total) values (62, 62, 129, 512);
insert into CANCELLATION (cancellation_id, item_id, price, total) values (63, 63, 923, 543);
insert into CANCELLATION (cancellation_id, item_id, price, total) values (64, 64, 587, 218);
insert into CANCELLATION (cancellation_id, item_id, price, total) values (65, 65, 454, 719);
insert into CANCELLATION (cancellation_id, item_id, price, total) values (66, 66, 909, 55);
insert into CANCELLATION (cancellation_id, item_id, price, total) values (67, 67, 500, 469);
insert into CANCELLATION (cancellation_id, item_id, price, total) values (68, 68, 105, 445);
insert into CANCELLATION (cancellation_id, item_id, price, total) values (69, 69, 291, 224);
insert into CANCELLATION (cancellation_id, item_id, price, total) values (70, 70, 719, 136);
insert into CANCELLATION (cancellation_id, item_id, price, total) values (71, 71, 438, 239);
insert into CANCELLATION (cancellation_id, item_id, price, total) values (72, 72, 915, 286);
insert into CANCELLATION (cancellation_id, item_id, price, total) values (73, 73, 36, 882);
insert into CANCELLATION (cancellation_id, item_id, price, total) values (74, 74, 999, 116);
insert into CANCELLATION (cancellation_id, item_id, price, total) values (75, 75, 610, 43);
insert into CANCELLATION (cancellation_id, item_id, price, total) values (76, 76, 184, 563);
insert into CANCELLATION (cancellation_id, item_id, price, total) values (77, 77, 640, 407);
insert into CANCELLATION (cancellation_id, item_id, price, total) values (78, 78, 800, 866);
insert into CANCELLATION (cancellation_id, item_id, price, total) values (79, 79, 960, 656);
insert into CANCELLATION (cancellation_id, item_id, price, total) values (80, 80, 174, 704);
insert into CANCELLATION (cancellation_id, item_id, price, total) values (81, 81, 364, 366);
insert into CANCELLATION (cancellation_id, item_id, price, total) values (82, 82, 107, 720);
insert into CANCELLATION (cancellation_id, item_id, price, total) values (83, 83, 747, 961);
insert into CANCELLATION (cancellation_id, item_id, price, total) values (84, 84, 373, 666);
insert into CANCELLATION (cancellation_id, item_id, price, total) values (85, 85, 833, 902);
insert into CANCELLATION (cancellation_id, item_id, price, total) values (86, 86, 293, 964);
insert into CANCELLATION (cancellation_id, item_id, price, total) values (87, 87, 922, 258);
insert into CANCELLATION (cancellation_id, item_id, price, total) values (88, 88, 951, 992);
insert into CANCELLATION (cancellation_id, item_id, price, total) values (89, 89, 845, 261);
insert into CANCELLATION (cancellation_id, item_id, price, total) values (90, 90, 802, 314);
insert into CANCELLATION (cancellation_id, item_id, price, total) values (91, 91, 87, 587);
insert into CANCELLATION (cancellation_id, item_id, price, total) values (92, 92, 246, 798);
insert into CANCELLATION (cancellation_id, item_id, price, total) values (93, 93, 384, 697);
insert into CANCELLATION (cancellation_id, item_id, price, total) values (94, 94, 524, 806);
insert into CANCELLATION (cancellation_id, item_id, price, total) values (95, 95, 885, 30);
insert into CANCELLATION (cancellation_id, item_id, price, total) values (96, 96, 962, 981);
insert into CANCELLATION (cancellation_id, item_id, price, total) values (97, 97, 448, 767);
insert into CANCELLATION (cancellation_id, item_id, price, total) values (98, 98, 470, 32);
insert into CANCELLATION (cancellation_id, item_id, price, total) values (99, 99, 747, 962);
insert into CANCELLATION (cancellation_id, item_id, price, total) values (100, 100, 621, 239);


